,ID,Name,City,Neighborhood,Address,Stars,Price_Per_Night,Amenities,Rating,all_hotel_details
0,1,Royal Jaipur Suites,Jaipur,Malviya Nagar,"74, Avenue, Malviya Nagar, Jaipur",3.7,8511.44,"Spa, Parking, Laundry Service, Restaurant, Breakfast Included",3.4,"1, Royal Jaipur Suites, Jaipur, Malviya Nagar, 74, Avenue, Malviya Nagar, Jaipur, 3.7, 8511.44, Spa, Parking, Laundry Service, Restaurant, Breakfast Included, 3.4, Royal Jaipur Suites is a 3.7-star hotel located in Malviya Nagar, Jaipur. The hotel offers Spa, Parking, Laundry Service, Restaurant, Breakfast Included. It's priced at ₹8511.44 per night and has a guest rating of 3.4/5., 1, Royal Jaipur Suites, Jaipur, Malviya Nagar, 74, Avenue, Malviya Nagar, Jaipur, 3.7, 8511.44, Spa, Parking, Laundry Service, Restaurant, Breakfast Included, 3.4, Royal Jaipur Suites is a 3.7-star hotel located in Malviya Nagar, Jaipur. The hotel offers Spa, Parking, Laundry Service, Restaurant, Breakfast Included. It's priced at ₹8511.44 per night and has a guest rating of 3.4/5., 1, Royal Jaipur Suites, Jaipur, Malviya Nagar, 74, Avenue, Malviya Nagar, Jaipur, 3.7, 8511.44, Spa, Parking, Laundry Service, Restaurant, Breakfast Included, 3.4, Royal Jaipur Suites is a 3.7-star hotel located in Malviya Nagar, Jaipur. The hotel offers Spa, Parking, Laundry Service, Restaurant, Breakfast Included. It's priced at ₹8511.44 per night and has a guest rating of 3.4/5., 1, Royal Jaipur Suites, Jaipur, Malviya Nagar, 74, Avenue, Malviya Nagar, Jaipur, 3.7, 8511.44, Spa, Parking, Laundry Service, Restaurant, Breakfast Included, 3.4, Royal Jaipur Suites is a 3.7-star hotel located in Malviya Nagar, Jaipur. The hotel offers Spa, Parking, Laundry Service, Restaurant, Breakfast Included. It's priced at ₹8511.44 per night and has a guest rating of 3.4/5."
1,2,Royal Delhi Residency,Delhi,Connaught Place,"15, Street, Connaught Place, Delhi",4,10581.48,"Swimming Pool, Parking, Bar, Room Service, Breakfast Included, Fitness Center",3.4,"2, Royal Delhi Residency, Delhi, Connaught Place, 15, Street, Connaught Place, Delhi, 4.0, 10581.48, Swimming Pool, Parking, Bar, Room Service, Breakfast Included, Fitness Center, 3.4, Royal Delhi Residency is a 4.0-star hotel located in Connaught Place, Delhi. The hotel offers Swimming Pool, Parking, Bar, Room Service, Breakfast Included, Fitness Center. It's priced at ₹10581.48 per night and has a guest rating of 3.4/5., 2, Royal Delhi Residency, Delhi, Connaught Place, 15, Street, Connaught Place, Delhi, 4.0, 10581.48, Swimming Pool, Parking, Bar, Room Service, Breakfast Included, Fitness Center, 3.4, Royal Delhi Residency is a 4.0-star hotel located in Connaught Place, Delhi. The hotel offers Swimming Pool, Parking, Bar, Room Service, Breakfast Included, Fitness Center. It's priced at ₹10581.48 per night and has a guest rating of 3.4/5., 2, Royal Delhi Residency, Delhi, Connaught Place, 15, Street, Connaught Place, Delhi, 4.0, 10581.48, Swimming Pool, Parking, Bar, Room Service, Breakfast Included, Fitness Center, 3.4, Royal Delhi Residency is a 4.0-star hotel located in Connaught Place, Delhi. The hotel offers Swimming Pool, Parking, Bar, Room Service, Breakfast Included, Fitness Center. It's priced at ₹10581.48 per night and has a guest rating of 3.4/5., 2, Royal Delhi Residency, Delhi, Connaught Place, 15, Street, Connaught Place, Delhi, 4.0, 10581.48, Swimming Pool, Parking, Bar, Room Service, Breakfast Included, Fitness Center, 3.4, Royal Delhi Residency is a 4.0-star hotel located in Connaught Place, Delhi. The hotel offers Swimming Pool, Parking, Bar, Room Service, Breakfast Included, Fitness Center. It's priced at ₹10581.48 per night and has a guest rating of 3.4/5."
2,3,Royal Chennai Residency,Chennai,Mylapore,"89, Street, Mylapore, Chennai",4.8,2459.5,"Room Service, Restaurant, Spa, Free Wi-Fi, Business Center, Airport Shuttle",4.9,"3, Royal Chennai Residency, Chennai, Mylapore, 89, Street, Mylapore, Chennai, 4.8, 2459.5, Room Service, Restaurant, Spa, Free Wi-Fi, Business Center, Airport Shuttle, 4.9, Royal Chennai Residency is a 4.8-star hotel located in Mylapore, Chennai. The hotel offers Room Service, Restaurant, Spa, Free Wi-Fi, Business Center, Airport Shuttle. It's priced at ₹2459.5 per night and has a guest rating of 4.9/5., 3, Royal Chennai Residency, Chennai, Mylapore, 89, Street, Mylapore, Chennai, 4.8, 2459.5, Room Service, Restaurant, Spa, Free Wi-Fi, Business Center, Airport Shuttle, 4.9, Royal Chennai Residency is a 4.8-star hotel located in Mylapore, Chennai. The hotel offers Room Service, Restaurant, Spa, Free Wi-Fi, Business Center, Airport Shuttle. It's priced at ₹2459.5 per night and has a guest rating of 4.9/5., 3, Royal Chennai Residency, Chennai, Mylapore, 89, Street, Mylapore, Chennai, 4.8, 2459.5, Room Service, Restaurant, Spa, Free Wi-Fi, Business Center, Airport Shuttle, 4.9, Royal Chennai Residency is a 4.8-star hotel located in Mylapore, Chennai. The hotel offers Room Service, Restaurant, Spa, Free Wi-Fi, Business Center, Airport Shuttle. It's priced at ₹2459.5 per night and has a guest rating of 4.9/5., 3, Royal Chennai Residency, Chennai, Mylapore, 89, Street, Mylapore, Chennai, 4.8, 2459.5, Room Service, Restaurant, Spa, Free Wi-Fi, Business Center, Airport Shuttle, 4.9, Royal Chennai Residency is a 4.8-star hotel located in Mylapore, Chennai. The hotel offers Room Service, Restaurant, Spa, Free Wi-Fi, Business Center, Airport Shuttle. It's priced at ₹2459.5 per night and has a guest rating of 4.9/5."
3,4,Luxury Ahmedabad Resort,Ahmedabad,Bodakdev,"4, Boulevard, Bodakdev, Ahmedabad",4.6,16403.93,"Conference Room, Restaurant, Concierge, Breakfast Included, Room Service, Spa",4.1,"4, Luxury Ahmedabad Resort, Ahmedabad, Bodakdev, 4, Boulevard, Bodakdev, Ahmedabad, 4.6, 16403.93, Conference Room, Restaurant, Concierge, Breakfast Included, Room Service, Spa, 4.1, Luxury Ahmedabad Resort is a 4.6-star hotel located in Bodakdev, Ahmedabad. The hotel offers Conference Room, Restaurant, Concierge, Breakfast Included, Room Service, Spa. It's priced at ₹16403.93 per night and has a guest rating of 4.1/5., 4, Luxury Ahmedabad Resort, Ahmedabad, Bodakdev, 4, Boulevard, Bodakdev, Ahmedabad, 4.6, 16403.93, Conference Room, Restaurant, Concierge, Breakfast Included, Room Service, Spa, 4.1, Luxury Ahmedabad Resort is a 4.6-star hotel located in Bodakdev, Ahmedabad. The hotel offers Conference Room, Restaurant, Concierge, Breakfast Included, Room Service, Spa. It's priced at ₹16403.93 per night and has a guest rating of 4.1/5., 4, Luxury Ahmedabad Resort, Ahmedabad, Bodakdev, 4, Boulevard, Bodakdev, Ahmedabad, 4.6, 16403.93, Conference Room, Restaurant, Concierge, Breakfast Included, Room Service, Spa, 4.1, Luxury Ahmedabad Resort is a 4.6-star hotel located in Bodakdev, Ahmedabad. The hotel offers Conference Room, Restaurant, Concierge, Breakfast Included, Room Service, Spa. It's priced at ₹16403.93 per night and has a guest rating of 4.1/5., 4, Luxury Ahmedabad Resort, Ahmedabad, Bodakdev, 4, Boulevard, Bodakdev, Ahmedabad, 4.6, 16403.93, Conference Room, Restaurant, Concierge, Breakfast Included, Room Service, Spa, 4.1, Luxury Ahmedabad Resort is a 4.6-star hotel located in Bodakdev, Ahmedabad. The hotel offers Conference Room, Restaurant, Concierge, Breakfast Included, Room Service, Spa. It's priced at ₹16403.93 per night and has a guest rating of 4.1/5."
4,5,Comfort Chennai Plaza,Chennai,Mylapore,"70, Boulevard, Mylapore, Chennai",3.6,9773.18,"Swimming Pool, Spa, Parking, Laundry Service, Restaurant, Room Service",5,"5, Comfort Chennai Plaza, Chennai, Mylapore, 70, Boulevard, Mylapore, Chennai, 3.6, 9773.18, Swimming Pool, Spa, Parking, Laundry Service, Restaurant, Room Service, 5.0, Comfort Chennai Plaza is a 3.6-star hotel located in Mylapore, Chennai. The hotel offers Swimming Pool, Spa, Parking, Laundry Service, Restaurant, Room Service. It's priced at ₹9773.18 per night and has a guest rating of 5.0/5., 5, Comfort Chennai Plaza, Chennai, Mylapore, 70, Boulevard, Mylapore, Chennai, 3.6, 9773.18, Swimming Pool, Spa, Parking, Laundry Service, Restaurant, Room Service, 5.0, Comfort Chennai Plaza is a 3.6-star hotel located in Mylapore, Chennai. The hotel offers Swimming Pool, Spa, Parking, Laundry Service, Restaurant, Room Service. It's priced at ₹9773.18 per night and has a guest rating of 5.0/5., 5, Comfort Chennai Plaza, Chennai, Mylapore, 70, Boulevard, Mylapore, Chennai, 3.6, 9773.18, Swimming Pool, Spa, Parking, Laundry Service, Restaurant, Room Service, 5.0, Comfort Chennai Plaza is a 3.6-star hotel located in Mylapore, Chennai. The hotel offers Swimming Pool, Spa, Parking, Laundry Service, Restaurant, Room Service. It's priced at ₹9773.18 per night and has a guest rating of 5.0/5., 5, Comfort Chennai Plaza, Chennai, Mylapore, 70, Boulevard, Mylapore, Chennai, 3.6, 9773.18, Swimming Pool, Spa, Parking, Laundry Service, Restaurant, Room Service, 5.0, Comfort Chennai Plaza is a 3.6-star hotel located in Mylapore, Chennai. The hotel offers Swimming Pool, Spa, Parking, Laundry Service, Restaurant, Room Service. It's priced at ₹9773.18 per night and has a guest rating of 5.0/5."
5,6,Premium Ahmedabad Plaza,Ahmedabad,Bodakdev,"35, Avenue, Bodakdev, Ahmedabad",3.9,14776.1,"Bar, Swimming Pool, Spa, Restaurant, Concierge, Business Center, Free Wi-Fi",3.8,"6, Premium Ahmedabad Plaza, Ahmedabad, Bodakdev, 35, Avenue, Bodakdev, Ahmedabad, 3.9, 14776.1, Bar, Swimming Pool, Spa, Restaurant, Concierge, Business Center, Free Wi-Fi, 3.8, Premium Ahmedabad Plaza is a 3.9-star hotel located in Bodakdev, Ahmedabad. The hotel offers Bar, Swimming Pool, Spa, Restaurant, Concierge, Business Center, Free Wi-Fi. It's priced at ₹14776.1 per night and has a guest rating of 3.8/5., 6, Premium Ahmedabad Plaza, Ahmedabad, Bodakdev, 35, Avenue, Bodakdev, Ahmedabad, 3.9, 14776.1, Bar, Swimming Pool, Spa, Restaurant, Concierge, Business Center, Free Wi-Fi, 3.8, Premium Ahmedabad Plaza is a 3.9-star hotel located in Bodakdev, Ahmedabad. The hotel offers Bar, Swimming Pool, Spa, Restaurant, Concierge, Business Center, Free Wi-Fi. It's priced at ₹14776.1 per night and has a guest rating of 3.8/5., 6, Premium Ahmedabad Plaza, Ahmedabad, Bodakdev, 35, Avenue, Bodakdev, Ahmedabad, 3.9, 14776.1, Bar, Swimming Pool, Spa, Restaurant, Concierge, Business Center, Free Wi-Fi, 3.8, Premium Ahmedabad Plaza is a 3.9-star hotel located in Bodakdev, Ahmedabad. The hotel offers Bar, Swimming Pool, Spa, Restaurant, Concierge, Business Center, Free Wi-Fi. It's priced at ₹14776.1 per night and has a guest rating of 3.8/5., 6, Premium Ahmedabad Plaza, Ahmedabad, Bodakdev, 35, Avenue, Bodakdev, Ahmedabad, 3.9, 14776.1, Bar, Swimming Pool, Spa, Restaurant, Concierge, Business Center, Free Wi-Fi, 3.8, Premium Ahmedabad Plaza is a 3.9-star hotel located in Bodakdev, Ahmedabad. The hotel offers Bar, Swimming Pool, Spa, Restaurant, Concierge, Business Center, Free Wi-Fi. It's priced at ₹14776.1 per night and has a guest rating of 3.8/5."
6,7,The Bangalore Retreat,Bangalore,Indiranagar,"59, Boulevard, Indiranagar, Bangalore",4.8,7197.23,"Business Center, Concierge, Swimming Pool, Room Service, Free Wi-Fi",4.8,"7, The Bangalore Retreat, Bangalore, Indiranagar, 59, Boulevard, Indiranagar, Bangalore, 4.8, 7197.23, Business Center, Concierge, Swimming Pool, Room Service, Free Wi-Fi, 4.8, The Bangalore Retreat is a 4.8-star hotel located in Indiranagar, Bangalore. The hotel offers Business Center, Concierge, Swimming Pool, Room Service, Free Wi-Fi. It's priced at ₹7197.23 per night and has a guest rating of 4.8/5., 7, The Bangalore Retreat, Bangalore, Indiranagar, 59, Boulevard, Indiranagar, Bangalore, 4.8, 7197.23, Business Center, Concierge, Swimming Pool, Room Service, Free Wi-Fi, 4.8, The Bangalore Retreat is a 4.8-star hotel located in Indiranagar, Bangalore. The hotel offers Business Center, Concierge, Swimming Pool, Room Service, Free Wi-Fi. It's priced at ₹7197.23 per night and has a guest rating of 4.8/5., 7, The Bangalore Retreat, Bangalore, Indiranagar, 59, Boulevard, Indiranagar, Bangalore, 4.8, 7197.23, Business Center, Concierge, Swimming Pool, Room Service, Free Wi-Fi, 4.8, The Bangalore Retreat is a 4.8-star hotel located in Indiranagar, Bangalore. The hotel offers Business Center, Concierge, Swimming Pool, Room Service, Free Wi-Fi. It's priced at ₹7197.23 per night and has a guest rating of 4.8/5., 7, The Bangalore Retreat, Bangalore, Indiranagar, 59, Boulevard, Indiranagar, Bangalore, 4.8, 7197.23, Business Center, Concierge, Swimming Pool, Room Service, Free Wi-Fi, 4.8, The Bangalore Retreat is a 4.8-star hotel located in Indiranagar, Bangalore. The hotel offers Business Center, Concierge, Swimming Pool, Room Service, Free Wi-Fi. It's priced at ₹7197.23 per night and has a guest rating of 4.8/5."
7,8,Luxury Delhi Plaza,Delhi,Karol Bagh,"66, Avenue, Karol Bagh, Delhi",3.1,15220.33,"Swimming Pool, Restaurant, Airport Shuttle, Business Center",3.6,"8, Luxury Delhi Plaza, Delhi, Karol Bagh, 66, Avenue, Karol Bagh, Delhi, 3.1, 15220.33, Swimming Pool, Restaurant, Airport Shuttle, Business Center, 3.6, Luxury Delhi Plaza is a 3.1-star hotel located in Karol Bagh, Delhi. The hotel offers Swimming Pool, Restaurant, Airport Shuttle, Business Center. It's priced at ₹15220.33 per night and has a guest rating of 3.6/5., 8, Luxury Delhi Plaza, Delhi, Karol Bagh, 66, Avenue, Karol Bagh, Delhi, 3.1, 15220.33, Swimming Pool, Restaurant, Airport Shuttle, Business Center, 3.6, Luxury Delhi Plaza is a 3.1-star hotel located in Karol Bagh, Delhi. The hotel offers Swimming Pool, Restaurant, Airport Shuttle, Business Center. It's priced at ₹15220.33 per night and has a guest rating of 3.6/5., 8, Luxury Delhi Plaza, Delhi, Karol Bagh, 66, Avenue, Karol Bagh, Delhi, 3.1, 15220.33, Swimming Pool, Restaurant, Airport Shuttle, Business Center, 3.6, Luxury Delhi Plaza is a 3.1-star hotel located in Karol Bagh, Delhi. The hotel offers Swimming Pool, Restaurant, Airport Shuttle, Business Center. It's priced at ₹15220.33 per night and has a guest rating of 3.6/5., 8, Luxury Delhi Plaza, Delhi, Karol Bagh, 66, Avenue, Karol Bagh, Delhi, 3.1, 15220.33, Swimming Pool, Restaurant, Airport Shuttle, Business Center, 3.6, Luxury Delhi Plaza is a 3.1-star hotel located in Karol Bagh, Delhi. The hotel offers Swimming Pool, Restaurant, Airport Shuttle, Business Center. It's priced at ₹15220.33 per night and has a guest rating of 3.6/5."
8,9,Premium Delhi Plaza,Delhi,Connaught Place,"87, Boulevard, Connaught Place, Delhi",4.8,18811.77,"Swimming Pool, Parking, Free Wi-Fi, Restaurant",4.1,"9, Premium Delhi Plaza, Delhi, Connaught Place, 87, Boulevard, Connaught Place, Delhi, 4.8, 18811.77, Swimming Pool, Parking, Free Wi-Fi, Restaurant, 4.1, Premium Delhi Plaza is a 4.8-star hotel located in Connaught Place, Delhi. The hotel offers Swimming Pool, Parking, Free Wi-Fi, Restaurant. It's priced at ₹18811.77 per night and has a guest rating of 4.1/5., 9, Premium Delhi Plaza, Delhi, Connaught Place, 87, Boulevard, Connaught Place, Delhi, 4.8, 18811.77, Swimming Pool, Parking, Free Wi-Fi, Restaurant, 4.1, Premium Delhi Plaza is a 4.8-star hotel located in Connaught Place, Delhi. The hotel offers Swimming Pool, Parking, Free Wi-Fi, Restaurant. It's priced at ₹18811.77 per night and has a guest rating of 4.1/5., 9, Premium Delhi Plaza, Delhi, Connaught Place, 87, Boulevard, Connaught Place, Delhi, 4.8, 18811.77, Swimming Pool, Parking, Free Wi-Fi, Restaurant, 4.1, Premium Delhi Plaza is a 4.8-star hotel located in Connaught Place, Delhi. The hotel offers Swimming Pool, Parking, Free Wi-Fi, Restaurant. It's priced at ₹18811.77 per night and has a guest rating of 4.1/5., 9, Premium Delhi Plaza, Delhi, Connaught Place, 87, Boulevard, Connaught Place, Delhi, 4.8, 18811.77, Swimming Pool, Parking, Free Wi-Fi, Restaurant, 4.1, Premium Delhi Plaza is a 4.8-star hotel located in Connaught Place, Delhi. The hotel offers Swimming Pool, Parking, Free Wi-Fi, Restaurant. It's priced at ₹18811.77 per night and has a guest rating of 4.1/5."
9,10,Royal Kolkata Retreat,Kolkata,Park Street,"52, Avenue, Park Street, Kolkata",3.8,11367.46,"Restaurant, Parking, Free Wi-Fi, Conference Room, Room Service, Bar",4.6,"10, Royal Kolkata Retreat, Kolkata, Park Street, 52, Avenue, Park Street, Kolkata, 3.8, 11367.46, Restaurant, Parking, Free Wi-Fi, Conference Room, Room Service, Bar, 4.6, Royal Kolkata Retreat is a 3.8-star hotel located in Park Street, Kolkata. The hotel offers Restaurant, Parking, Free Wi-Fi, Conference Room, Room Service, Bar. It's priced at ₹11367.46 per night and has a guest rating of 4.6/5., 10, Royal Kolkata Retreat, Kolkata, Park Street, 52, Avenue, Park Street, Kolkata, 3.8, 11367.46, Restaurant, Parking, Free Wi-Fi, Conference Room, Room Service, Bar, 4.6, Royal Kolkata Retreat is a 3.8-star hotel located in Park Street, Kolkata. The hotel offers Restaurant, Parking, Free Wi-Fi, Conference Room, Room Service, Bar. It's priced at ₹11367.46 per night and has a guest rating of 4.6/5., 10, Royal Kolkata Retreat, Kolkata, Park Street, 52, Avenue, Park Street, Kolkata, 3.8, 11367.46, Restaurant, Parking, Free Wi-Fi, Conference Room, Room Service, Bar, 4.6, Royal Kolkata Retreat is a 3.8-star hotel located in Park Street, Kolkata. The hotel offers Restaurant, Parking, Free Wi-Fi, Conference Room, Room Service, Bar. It's priced at ₹11367.46 per night and has a guest rating of 4.6/5., 10, Royal Kolkata Retreat, Kolkata, Park Street, 52, Avenue, Park Street, Kolkata, 3.8, 11367.46, Restaurant, Parking, Free Wi-Fi, Conference Room, Room Service, Bar, 4.6, Royal Kolkata Retreat is a 3.8-star hotel located in Park Street, Kolkata. The hotel offers Restaurant, Parking, Free Wi-Fi, Conference Room, Room Service, Bar. It's priced at ₹11367.46 per night and has a guest rating of 4.6/5."
10,11,Luxury Ahmedabad Palace,Ahmedabad,Satellite,"50, Boulevard, Satellite, Ahmedabad",4.8,11028.44,"Airport Shuttle, Room Service, Business Center, Breakfast Included, Swimming Pool, Conference Room, Laundry Service",5,"11, Luxury Ahmedabad Palace, Ahmedabad, Satellite, 50, Boulevard, Satellite, Ahmedabad, 4.8, 11028.44, Airport Shuttle, Room Service, Business Center, Breakfast Included, Swimming Pool, Conference Room, Laundry Service, 5.0, Luxury Ahmedabad Palace is a 4.8-star hotel located in Satellite, Ahmedabad. The hotel offers Airport Shuttle, Room Service, Business Center, Breakfast Included, Swimming Pool, Conference Room, Laundry Service. It's priced at ₹11028.44 per night and has a guest rating of 5.0/5., 11, Luxury Ahmedabad Palace, Ahmedabad, Satellite, 50, Boulevard, Satellite, Ahmedabad, 4.8, 11028.44, Airport Shuttle, Room Service, Business Center, Breakfast Included, Swimming Pool, Conference Room, Laundry Service, 5.0, Luxury Ahmedabad Palace is a 4.8-star hotel located in Satellite, Ahmedabad. The hotel offers Airport Shuttle, Room Service, Business Center, Breakfast Included, Swimming Pool, Conference Room, Laundry Service. It's priced at ₹11028.44 per night and has a guest rating of 5.0/5., 11, Luxury Ahmedabad Palace, Ahmedabad, Satellite, 50, Boulevard, Satellite, Ahmedabad, 4.8, 11028.44, Airport Shuttle, Room Service, Business Center, Breakfast Included, Swimming Pool, Conference Room, Laundry Service, 5.0, Luxury Ahmedabad Palace is a 4.8-star hotel located in Satellite, Ahmedabad. The hotel offers Airport Shuttle, Room Service, Business Center, Breakfast Included, Swimming Pool, Conference Room, Laundry Service. It's priced at ₹11028.44 per night and has a guest rating of 5.0/5., 11, Luxury Ahmedabad Palace, Ahmedabad, Satellite, 50, Boulevard, Satellite, Ahmedabad, 4.8, 11028.44, Airport Shuttle, Room Service, Business Center, Breakfast Included, Swimming Pool, Conference Room, Laundry Service, 5.0, Luxury Ahmedabad Palace is a 4.8-star hotel located in Satellite, Ahmedabad. The hotel offers Airport Shuttle, Room Service, Business Center, Breakfast Included, Swimming Pool, Conference Room, Laundry Service. It's priced at ₹11028.44 per night and has a guest rating of 5.0/5."
11,12,Royal Kolkata Plaza,Kolkata,Ballygunge,"54, Boulevard, Ballygunge, Kolkata",3.9,19494.27,"Swimming Pool, Parking, Business Center, Fitness Center, Airport Shuttle, Free Wi-Fi",3.5,"12, Royal Kolkata Plaza, Kolkata, Ballygunge, 54, Boulevard, Ballygunge, Kolkata, 3.9, 19494.27, Swimming Pool, Parking, Business Center, Fitness Center, Airport Shuttle, Free Wi-Fi, 3.5, Royal Kolkata Plaza is a 3.9-star hotel located in Ballygunge, Kolkata. The hotel offers Swimming Pool, Parking, Business Center, Fitness Center, Airport Shuttle, Free Wi-Fi. It's priced at ₹19494.27 per night and has a guest rating of 3.5/5., 12, Royal Kolkata Plaza, Kolkata, Ballygunge, 54, Boulevard, Ballygunge, Kolkata, 3.9, 19494.27, Swimming Pool, Parking, Business Center, Fitness Center, Airport Shuttle, Free Wi-Fi, 3.5, Royal Kolkata Plaza is a 3.9-star hotel located in Ballygunge, Kolkata. The hotel offers Swimming Pool, Parking, Business Center, Fitness Center, Airport Shuttle, Free Wi-Fi. It's priced at ₹19494.27 per night and has a guest rating of 3.5/5., 12, Royal Kolkata Plaza, Kolkata, Ballygunge, 54, Boulevard, Ballygunge, Kolkata, 3.9, 19494.27, Swimming Pool, Parking, Business Center, Fitness Center, Airport Shuttle, Free Wi-Fi, 3.5, Royal Kolkata Plaza is a 3.9-star hotel located in Ballygunge, Kolkata. The hotel offers Swimming Pool, Parking, Business Center, Fitness Center, Airport Shuttle, Free Wi-Fi. It's priced at ₹19494.27 per night and has a guest rating of 3.5/5., 12, Royal Kolkata Plaza, Kolkata, Ballygunge, 54, Boulevard, Ballygunge, Kolkata, 3.9, 19494.27, Swimming Pool, Parking, Business Center, Fitness Center, Airport Shuttle, Free Wi-Fi, 3.5, Royal Kolkata Plaza is a 3.9-star hotel located in Ballygunge, Kolkata. The hotel offers Swimming Pool, Parking, Business Center, Fitness Center, Airport Shuttle, Free Wi-Fi. It's priced at ₹19494.27 per night and has a guest rating of 3.5/5."
12,13,Royal Kolkata Retreat,Kolkata,Howrah,"78, Avenue, Howrah, Kolkata",4.7,5825.34,"Restaurant, Spa, Free Wi-Fi, Parking, Breakfast Included, Swimming Pool",3,"13, Royal Kolkata Retreat, Kolkata, Howrah, 78, Avenue, Howrah, Kolkata, 4.7, 5825.34, Restaurant, Spa, Free Wi-Fi, Parking, Breakfast Included, Swimming Pool, 3.0, Royal Kolkata Retreat is a 4.7-star hotel located in Howrah, Kolkata. The hotel offers Restaurant, Spa, Free Wi-Fi, Parking, Breakfast Included, Swimming Pool. It's priced at ₹5825.34 per night and has a guest rating of 3.0/5., 13, Royal Kolkata Retreat, Kolkata, Howrah, 78, Avenue, Howrah, Kolkata, 4.7, 5825.34, Restaurant, Spa, Free Wi-Fi, Parking, Breakfast Included, Swimming Pool, 3.0, Royal Kolkata Retreat is a 4.7-star hotel located in Howrah, Kolkata. The hotel offers Restaurant, Spa, Free Wi-Fi, Parking, Breakfast Included, Swimming Pool. It's priced at ₹5825.34 per night and has a guest rating of 3.0/5., 13, Royal Kolkata Retreat, Kolkata, Howrah, 78, Avenue, Howrah, Kolkata, 4.7, 5825.34, Restaurant, Spa, Free Wi-Fi, Parking, Breakfast Included, Swimming Pool, 3.0, Royal Kolkata Retreat is a 4.7-star hotel located in Howrah, Kolkata. The hotel offers Restaurant, Spa, Free Wi-Fi, Parking, Breakfast Included, Swimming Pool. It's priced at ₹5825.34 per night and has a guest rating of 3.0/5., 13, Royal Kolkata Retreat, Kolkata, Howrah, 78, Avenue, Howrah, Kolkata, 4.7, 5825.34, Restaurant, Spa, Free Wi-Fi, Parking, Breakfast Included, Swimming Pool, 3.0, Royal Kolkata Retreat is a 4.7-star hotel located in Howrah, Kolkata. The hotel offers Restaurant, Spa, Free Wi-Fi, Parking, Breakfast Included, Swimming Pool. It's priced at ₹5825.34 per night and has a guest rating of 3.0/5."
13,14,Hotel Pune Resort,Pune,Baner,"18, Main Road, Baner, Pune",3,10486.14,"Restaurant, Conference Room, Laundry Service, Swimming Pool, Bar, Parking, Business Center",3.9,"14, Hotel Pune Resort, Pune, Baner, 18, Main Road, Baner, Pune, 3.0, 10486.14, Restaurant, Conference Room, Laundry Service, Swimming Pool, Bar, Parking, Business Center, 3.9, Hotel Pune Resort is a 3.0-star hotel located in Baner, Pune. The hotel offers Restaurant, Conference Room, Laundry Service, Swimming Pool, Bar, Parking, Business Center. It's priced at ₹10486.14 per night and has a guest rating of 3.9/5., 14, Hotel Pune Resort, Pune, Baner, 18, Main Road, Baner, Pune, 3.0, 10486.14, Restaurant, Conference Room, Laundry Service, Swimming Pool, Bar, Parking, Business Center, 3.9, Hotel Pune Resort is a 3.0-star hotel located in Baner, Pune. The hotel offers Restaurant, Conference Room, Laundry Service, Swimming Pool, Bar, Parking, Business Center. It's priced at ₹10486.14 per night and has a guest rating of 3.9/5., 14, Hotel Pune Resort, Pune, Baner, 18, Main Road, Baner, Pune, 3.0, 10486.14, Restaurant, Conference Room, Laundry Service, Swimming Pool, Bar, Parking, Business Center, 3.9, Hotel Pune Resort is a 3.0-star hotel located in Baner, Pune. The hotel offers Restaurant, Conference Room, Laundry Service, Swimming Pool, Bar, Parking, Business Center. It's priced at ₹10486.14 per night and has a guest rating of 3.9/5., 14, Hotel Pune Resort, Pune, Baner, 18, Main Road, Baner, Pune, 3.0, 10486.14, Restaurant, Conference Room, Laundry Service, Swimming Pool, Bar, Parking, Business Center, 3.9, Hotel Pune Resort is a 3.0-star hotel located in Baner, Pune. The hotel offers Restaurant, Conference Room, Laundry Service, Swimming Pool, Bar, Parking, Business Center. It's priced at ₹10486.14 per night and has a guest rating of 3.9/5."
14,15,Comfort Pune Resort,Pune,Hinjewadi,"30, Boulevard, Hinjewadi, Pune",4.7,13378.31,"Breakfast Included, Swimming Pool, Business Center, Conference Room, Bar, Fitness Center",3.4,"15, Comfort Pune Resort, Pune, Hinjewadi, 30, Boulevard, Hinjewadi, Pune, 4.7, 13378.31, Breakfast Included, Swimming Pool, Business Center, Conference Room, Bar, Fitness Center, 3.4, Comfort Pune Resort is a 4.7-star hotel located in Hinjewadi, Pune. The hotel offers Breakfast Included, Swimming Pool, Business Center, Conference Room, Bar, Fitness Center. It's priced at ₹13378.31 per night and has a guest rating of 3.4/5., 15, Comfort Pune Resort, Pune, Hinjewadi, 30, Boulevard, Hinjewadi, Pune, 4.7, 13378.31, Breakfast Included, Swimming Pool, Business Center, Conference Room, Bar, Fitness Center, 3.4, Comfort Pune Resort is a 4.7-star hotel located in Hinjewadi, Pune. The hotel offers Breakfast Included, Swimming Pool, Business Center, Conference Room, Bar, Fitness Center. It's priced at ₹13378.31 per night and has a guest rating of 3.4/5., 15, Comfort Pune Resort, Pune, Hinjewadi, 30, Boulevard, Hinjewadi, Pune, 4.7, 13378.31, Breakfast Included, Swimming Pool, Business Center, Conference Room, Bar, Fitness Center, 3.4, Comfort Pune Resort is a 4.7-star hotel located in Hinjewadi, Pune. The hotel offers Breakfast Included, Swimming Pool, Business Center, Conference Room, Bar, Fitness Center. It's priced at ₹13378.31 per night and has a guest rating of 3.4/5., 15, Comfort Pune Resort, Pune, Hinjewadi, 30, Boulevard, Hinjewadi, Pune, 4.7, 13378.31, Breakfast Included, Swimming Pool, Business Center, Conference Room, Bar, Fitness Center, 3.4, Comfort Pune Resort is a 4.7-star hotel located in Hinjewadi, Pune. The hotel offers Breakfast Included, Swimming Pool, Business Center, Conference Room, Bar, Fitness Center. It's priced at ₹13378.31 per night and has a guest rating of 3.4/5."
15,16,Luxury Ahmedabad Inn,Ahmedabad,CG Road,"1, Main Road, CG Road, Ahmedabad",4.2,2450.96,"Free Wi-Fi, Restaurant, Spa, Parking, Swimming Pool, Laundry Service",4.5,"16, Luxury Ahmedabad Inn, Ahmedabad, CG Road, 1, Main Road, CG Road, Ahmedabad, 4.2, 2450.96, Free Wi-Fi, Restaurant, Spa, Parking, Swimming Pool, Laundry Service, 4.5, Luxury Ahmedabad Inn is a 4.2-star hotel located in CG Road, Ahmedabad. The hotel offers Free Wi-Fi, Restaurant, Spa, Parking, Swimming Pool, Laundry Service. It's priced at ₹2450.96 per night and has a guest rating of 4.5/5., 16, Luxury Ahmedabad Inn, Ahmedabad, CG Road, 1, Main Road, CG Road, Ahmedabad, 4.2, 2450.96, Free Wi-Fi, Restaurant, Spa, Parking, Swimming Pool, Laundry Service, 4.5, Luxury Ahmedabad Inn is a 4.2-star hotel located in CG Road, Ahmedabad. The hotel offers Free Wi-Fi, Restaurant, Spa, Parking, Swimming Pool, Laundry Service. It's priced at ₹2450.96 per night and has a guest rating of 4.5/5., 16, Luxury Ahmedabad Inn, Ahmedabad, CG Road, 1, Main Road, CG Road, Ahmedabad, 4.2, 2450.96, Free Wi-Fi, Restaurant, Spa, Parking, Swimming Pool, Laundry Service, 4.5, Luxury Ahmedabad Inn is a 4.2-star hotel located in CG Road, Ahmedabad. The hotel offers Free Wi-Fi, Restaurant, Spa, Parking, Swimming Pool, Laundry Service. It's priced at ₹2450.96 per night and has a guest rating of 4.5/5., 16, Luxury Ahmedabad Inn, Ahmedabad, CG Road, 1, Main Road, CG Road, Ahmedabad, 4.2, 2450.96, Free Wi-Fi, Restaurant, Spa, Parking, Swimming Pool, Laundry Service, 4.5, Luxury Ahmedabad Inn is a 4.2-star hotel located in CG Road, Ahmedabad. The hotel offers Free Wi-Fi, Restaurant, Spa, Parking, Swimming Pool, Laundry Service. It's priced at ₹2450.96 per night and has a guest rating of 4.5/5."
16,17,Grand Pune Resort,Pune,Baner,"2, Street, Baner, Pune",3.7,11043.21,"Free Wi-Fi, Conference Room, Breakfast Included, Swimming Pool",3.7,"17, Grand Pune Resort, Pune, Baner, 2, Street, Baner, Pune, 3.7, 11043.21, Free Wi-Fi, Conference Room, Breakfast Included, Swimming Pool, 3.7, Grand Pune Resort is a 3.7-star hotel located in Baner, Pune. The hotel offers Free Wi-Fi, Conference Room, Breakfast Included, Swimming Pool. It's priced at ₹11043.21 per night and has a guest rating of 3.7/5., 17, Grand Pune Resort, Pune, Baner, 2, Street, Baner, Pune, 3.7, 11043.21, Free Wi-Fi, Conference Room, Breakfast Included, Swimming Pool, 3.7, Grand Pune Resort is a 3.7-star hotel located in Baner, Pune. The hotel offers Free Wi-Fi, Conference Room, Breakfast Included, Swimming Pool. It's priced at ₹11043.21 per night and has a guest rating of 3.7/5., 17, Grand Pune Resort, Pune, Baner, 2, Street, Baner, Pune, 3.7, 11043.21, Free Wi-Fi, Conference Room, Breakfast Included, Swimming Pool, 3.7, Grand Pune Resort is a 3.7-star hotel located in Baner, Pune. The hotel offers Free Wi-Fi, Conference Room, Breakfast Included, Swimming Pool. It's priced at ₹11043.21 per night and has a guest rating of 3.7/5., 17, Grand Pune Resort, Pune, Baner, 2, Street, Baner, Pune, 3.7, 11043.21, Free Wi-Fi, Conference Room, Breakfast Included, Swimming Pool, 3.7, Grand Pune Resort is a 3.7-star hotel located in Baner, Pune. The hotel offers Free Wi-Fi, Conference Room, Breakfast Included, Swimming Pool. It's priced at ₹11043.21 per night and has a guest rating of 3.7/5."
17,18,Royal Bangalore Suites,Bangalore,Jayanagar,"12, Avenue, Jayanagar, Bangalore",4.2,6448.98,"Laundry Service, Parking, Concierge, Breakfast Included",3.2,"18, Royal Bangalore Suites, Bangalore, Jayanagar, 12, Avenue, Jayanagar, Bangalore, 4.2, 6448.98, Laundry Service, Parking, Concierge, Breakfast Included, 3.2, Royal Bangalore Suites is a 4.2-star hotel located in Jayanagar, Bangalore. The hotel offers Laundry Service, Parking, Concierge, Breakfast Included. It's priced at ₹6448.98 per night and has a guest rating of 3.2/5., 18, Royal Bangalore Suites, Bangalore, Jayanagar, 12, Avenue, Jayanagar, Bangalore, 4.2, 6448.98, Laundry Service, Parking, Concierge, Breakfast Included, 3.2, Royal Bangalore Suites is a 4.2-star hotel located in Jayanagar, Bangalore. The hotel offers Laundry Service, Parking, Concierge, Breakfast Included. It's priced at ₹6448.98 per night and has a guest rating of 3.2/5., 18, Royal Bangalore Suites, Bangalore, Jayanagar, 12, Avenue, Jayanagar, Bangalore, 4.2, 6448.98, Laundry Service, Parking, Concierge, Breakfast Included, 3.2, Royal Bangalore Suites is a 4.2-star hotel located in Jayanagar, Bangalore. The hotel offers Laundry Service, Parking, Concierge, Breakfast Included. It's priced at ₹6448.98 per night and has a guest rating of 3.2/5., 18, Royal Bangalore Suites, Bangalore, Jayanagar, 12, Avenue, Jayanagar, Bangalore, 4.2, 6448.98, Laundry Service, Parking, Concierge, Breakfast Included, 3.2, Royal Bangalore Suites is a 4.2-star hotel located in Jayanagar, Bangalore. The hotel offers Laundry Service, Parking, Concierge, Breakfast Included. It's priced at ₹6448.98 per night and has a guest rating of 3.2/5."
18,19,Royal Hyderabad Residency,Hyderabad,Secunderabad,"68, Main Road, Secunderabad, Hyderabad",3.5,4970.87,"Restaurant, Bar, Room Service",3.2,"19, Royal Hyderabad Residency, Hyderabad, Secunderabad, 68, Main Road, Secunderabad, Hyderabad, 3.5, 4970.87, Restaurant, Bar, Room Service, 3.2, Royal Hyderabad Residency is a 3.5-star hotel located in Secunderabad, Hyderabad. The hotel offers Restaurant, Bar, Room Service. It's priced at ₹4970.87 per night and has a guest rating of 3.2/5., 19, Royal Hyderabad Residency, Hyderabad, Secunderabad, 68, Main Road, Secunderabad, Hyderabad, 3.5, 4970.87, Restaurant, Bar, Room Service, 3.2, Royal Hyderabad Residency is a 3.5-star hotel located in Secunderabad, Hyderabad. The hotel offers Restaurant, Bar, Room Service. It's priced at ₹4970.87 per night and has a guest rating of 3.2/5., 19, Royal Hyderabad Residency, Hyderabad, Secunderabad, 68, Main Road, Secunderabad, Hyderabad, 3.5, 4970.87, Restaurant, Bar, Room Service, 3.2, Royal Hyderabad Residency is a 3.5-star hotel located in Secunderabad, Hyderabad. The hotel offers Restaurant, Bar, Room Service. It's priced at ₹4970.87 per night and has a guest rating of 3.2/5., 19, Royal Hyderabad Residency, Hyderabad, Secunderabad, 68, Main Road, Secunderabad, Hyderabad, 3.5, 4970.87, Restaurant, Bar, Room Service, 3.2, Royal Hyderabad Residency is a 3.5-star hotel located in Secunderabad, Hyderabad. The hotel offers Restaurant, Bar, Room Service. It's priced at ₹4970.87 per night and has a guest rating of 3.2/5."
19,20,Hotel Chennai Residency,Chennai,Mylapore,"80, Main Road, Mylapore, Chennai",4.2,17382.04,"Airport Shuttle, Free Wi-Fi, Conference Room, Breakfast Included, Business Center, Room Service",3.3,"20, Hotel Chennai Residency, Chennai, Mylapore, 80, Main Road, Mylapore, Chennai, 4.2, 17382.04, Airport Shuttle, Free Wi-Fi, Conference Room, Breakfast Included, Business Center, Room Service, 3.3, Hotel Chennai Residency is a 4.2-star hotel located in Mylapore, Chennai. The hotel offers Airport Shuttle, Free Wi-Fi, Conference Room, Breakfast Included, Business Center, Room Service. It's priced at ₹17382.04 per night and has a guest rating of 3.3/5., 20, Hotel Chennai Residency, Chennai, Mylapore, 80, Main Road, Mylapore, Chennai, 4.2, 17382.04, Airport Shuttle, Free Wi-Fi, Conference Room, Breakfast Included, Business Center, Room Service, 3.3, Hotel Chennai Residency is a 4.2-star hotel located in Mylapore, Chennai. The hotel offers Airport Shuttle, Free Wi-Fi, Conference Room, Breakfast Included, Business Center, Room Service. It's priced at ₹17382.04 per night and has a guest rating of 3.3/5., 20, Hotel Chennai Residency, Chennai, Mylapore, 80, Main Road, Mylapore, Chennai, 4.2, 17382.04, Airport Shuttle, Free Wi-Fi, Conference Room, Breakfast Included, Business Center, Room Service, 3.3, Hotel Chennai Residency is a 4.2-star hotel located in Mylapore, Chennai. The hotel offers Airport Shuttle, Free Wi-Fi, Conference Room, Breakfast Included, Business Center, Room Service. It's priced at ₹17382.04 per night and has a guest rating of 3.3/5., 20, Hotel Chennai Residency, Chennai, Mylapore, 80, Main Road, Mylapore, Chennai, 4.2, 17382.04, Airport Shuttle, Free Wi-Fi, Conference Room, Breakfast Included, Business Center, Room Service, 3.3, Hotel Chennai Residency is a 4.2-star hotel located in Mylapore, Chennai. The hotel offers Airport Shuttle, Free Wi-Fi, Conference Room, Breakfast Included, Business Center, Room Service. It's priced at ₹17382.04 per night and has a guest rating of 3.3/5."
20,21,Luxury Kolkata Inn,Kolkata,Park Street,"66, Avenue, Park Street, Kolkata",3.8,10604.44,"Breakfast Included, Room Service, Swimming Pool, Business Center, Spa",3.6,"21, Luxury Kolkata Inn, Kolkata, Park Street, 66, Avenue, Park Street, Kolkata, 3.8, 10604.44, Breakfast Included, Room Service, Swimming Pool, Business Center, Spa, 3.6, Luxury Kolkata Inn is a 3.8-star hotel located in Park Street, Kolkata. The hotel offers Breakfast Included, Room Service, Swimming Pool, Business Center, Spa. It's priced at ₹10604.44 per night and has a guest rating of 3.6/5., 21, Luxury Kolkata Inn, Kolkata, Park Street, 66, Avenue, Park Street, Kolkata, 3.8, 10604.44, Breakfast Included, Room Service, Swimming Pool, Business Center, Spa, 3.6, Luxury Kolkata Inn is a 3.8-star hotel located in Park Street, Kolkata. The hotel offers Breakfast Included, Room Service, Swimming Pool, Business Center, Spa. It's priced at ₹10604.44 per night and has a guest rating of 3.6/5., 21, Luxury Kolkata Inn, Kolkata, Park Street, 66, Avenue, Park Street, Kolkata, 3.8, 10604.44, Breakfast Included, Room Service, Swimming Pool, Business Center, Spa, 3.6, Luxury Kolkata Inn is a 3.8-star hotel located in Park Street, Kolkata. The hotel offers Breakfast Included, Room Service, Swimming Pool, Business Center, Spa. It's priced at ₹10604.44 per night and has a guest rating of 3.6/5., 21, Luxury Kolkata Inn, Kolkata, Park Street, 66, Avenue, Park Street, Kolkata, 3.8, 10604.44, Breakfast Included, Room Service, Swimming Pool, Business Center, Spa, 3.6, Luxury Kolkata Inn is a 3.8-star hotel located in Park Street, Kolkata. The hotel offers Breakfast Included, Room Service, Swimming Pool, Business Center, Spa. It's priced at ₹10604.44 per night and has a guest rating of 3.6/5."
21,22,Elite Jaipur Resort,Jaipur,Raja Park,"59, Boulevard, Raja Park, Jaipur",4,8911.8,"Parking, Restaurant, Conference Room, Swimming Pool, Concierge",3.8,"22, Elite Jaipur Resort, Jaipur, Raja Park, 59, Boulevard, Raja Park, Jaipur, 4.0, 8911.8, Parking, Restaurant, Conference Room, Swimming Pool, Concierge, 3.8, Elite Jaipur Resort is a 4.0-star hotel located in Raja Park, Jaipur. The hotel offers Parking, Restaurant, Conference Room, Swimming Pool, Concierge. It's priced at ₹8911.8 per night and has a guest rating of 3.8/5., 22, Elite Jaipur Resort, Jaipur, Raja Park, 59, Boulevard, Raja Park, Jaipur, 4.0, 8911.8, Parking, Restaurant, Conference Room, Swimming Pool, Concierge, 3.8, Elite Jaipur Resort is a 4.0-star hotel located in Raja Park, Jaipur. The hotel offers Parking, Restaurant, Conference Room, Swimming Pool, Concierge. It's priced at ₹8911.8 per night and has a guest rating of 3.8/5., 22, Elite Jaipur Resort, Jaipur, Raja Park, 59, Boulevard, Raja Park, Jaipur, 4.0, 8911.8, Parking, Restaurant, Conference Room, Swimming Pool, Concierge, 3.8, Elite Jaipur Resort is a 4.0-star hotel located in Raja Park, Jaipur. The hotel offers Parking, Restaurant, Conference Room, Swimming Pool, Concierge. It's priced at ₹8911.8 per night and has a guest rating of 3.8/5., 22, Elite Jaipur Resort, Jaipur, Raja Park, 59, Boulevard, Raja Park, Jaipur, 4.0, 8911.8, Parking, Restaurant, Conference Room, Swimming Pool, Concierge, 3.8, Elite Jaipur Resort is a 4.0-star hotel located in Raja Park, Jaipur. The hotel offers Parking, Restaurant, Conference Room, Swimming Pool, Concierge. It's priced at ₹8911.8 per night and has a guest rating of 3.8/5."
22,23,The Pune Hotel,Pune,Hinjewadi,"93, Boulevard, Hinjewadi, Pune",4.1,11987.88,"Concierge, Fitness Center, Parking, Bar, Business Center, Conference Room",4.8,"23, The Pune Hotel, Pune, Hinjewadi, 93, Boulevard, Hinjewadi, Pune, 4.1, 11987.88, Concierge, Fitness Center, Parking, Bar, Business Center, Conference Room, 4.8, The Pune Hotel is a 4.1-star hotel located in Hinjewadi, Pune. The hotel offers Concierge, Fitness Center, Parking, Bar, Business Center, Conference Room. It's priced at ₹11987.88 per night and has a guest rating of 4.8/5., 23, The Pune Hotel, Pune, Hinjewadi, 93, Boulevard, Hinjewadi, Pune, 4.1, 11987.88, Concierge, Fitness Center, Parking, Bar, Business Center, Conference Room, 4.8, The Pune Hotel is a 4.1-star hotel located in Hinjewadi, Pune. The hotel offers Concierge, Fitness Center, Parking, Bar, Business Center, Conference Room. It's priced at ₹11987.88 per night and has a guest rating of 4.8/5., 23, The Pune Hotel, Pune, Hinjewadi, 93, Boulevard, Hinjewadi, Pune, 4.1, 11987.88, Concierge, Fitness Center, Parking, Bar, Business Center, Conference Room, 4.8, The Pune Hotel is a 4.1-star hotel located in Hinjewadi, Pune. The hotel offers Concierge, Fitness Center, Parking, Bar, Business Center, Conference Room. It's priced at ₹11987.88 per night and has a guest rating of 4.8/5., 23, The Pune Hotel, Pune, Hinjewadi, 93, Boulevard, Hinjewadi, Pune, 4.1, 11987.88, Concierge, Fitness Center, Parking, Bar, Business Center, Conference Room, 4.8, The Pune Hotel is a 4.1-star hotel located in Hinjewadi, Pune. The hotel offers Concierge, Fitness Center, Parking, Bar, Business Center, Conference Room. It's priced at ₹11987.88 per night and has a guest rating of 4.8/5."
23,24,Premium Kolkata Hotel,Kolkata,Salt Lake,"69, Boulevard, Salt Lake, Kolkata",3.8,12365.32,"Room Service, Restaurant, Parking, Business Center",4.7,"24, Premium Kolkata Hotel, Kolkata, Salt Lake, 69, Boulevard, Salt Lake, Kolkata, 3.8, 12365.32, Room Service, Restaurant, Parking, Business Center, 4.7, Premium Kolkata Hotel is a 3.8-star hotel located in Salt Lake, Kolkata. The hotel offers Room Service, Restaurant, Parking, Business Center. It's priced at ₹12365.32 per night and has a guest rating of 4.7/5., 24, Premium Kolkata Hotel, Kolkata, Salt Lake, 69, Boulevard, Salt Lake, Kolkata, 3.8, 12365.32, Room Service, Restaurant, Parking, Business Center, 4.7, Premium Kolkata Hotel is a 3.8-star hotel located in Salt Lake, Kolkata. The hotel offers Room Service, Restaurant, Parking, Business Center. It's priced at ₹12365.32 per night and has a guest rating of 4.7/5., 24, Premium Kolkata Hotel, Kolkata, Salt Lake, 69, Boulevard, Salt Lake, Kolkata, 3.8, 12365.32, Room Service, Restaurant, Parking, Business Center, 4.7, Premium Kolkata Hotel is a 3.8-star hotel located in Salt Lake, Kolkata. The hotel offers Room Service, Restaurant, Parking, Business Center. It's priced at ₹12365.32 per night and has a guest rating of 4.7/5., 24, Premium Kolkata Hotel, Kolkata, Salt Lake, 69, Boulevard, Salt Lake, Kolkata, 3.8, 12365.32, Room Service, Restaurant, Parking, Business Center, 4.7, Premium Kolkata Hotel is a 3.8-star hotel located in Salt Lake, Kolkata. The hotel offers Room Service, Restaurant, Parking, Business Center. It's priced at ₹12365.32 per night and has a guest rating of 4.7/5."
24,25,Premium Bangalore Suites,Bangalore,Jayanagar,"1, Main Road, Jayanagar, Bangalore",4,15092.28,"Concierge, Parking, Business Center, Airport Shuttle, Conference Room",4.2,"25, Premium Bangalore Suites, Bangalore, Jayanagar, 1, Main Road, Jayanagar, Bangalore, 4.0, 15092.28, Concierge, Parking, Business Center, Airport Shuttle, Conference Room, 4.2, Premium Bangalore Suites is a 4.0-star hotel located in Jayanagar, Bangalore. The hotel offers Concierge, Parking, Business Center, Airport Shuttle, Conference Room. It's priced at ₹15092.28 per night and has a guest rating of 4.2/5., 25, Premium Bangalore Suites, Bangalore, Jayanagar, 1, Main Road, Jayanagar, Bangalore, 4.0, 15092.28, Concierge, Parking, Business Center, Airport Shuttle, Conference Room, 4.2, Premium Bangalore Suites is a 4.0-star hotel located in Jayanagar, Bangalore. The hotel offers Concierge, Parking, Business Center, Airport Shuttle, Conference Room. It's priced at ₹15092.28 per night and has a guest rating of 4.2/5., 25, Premium Bangalore Suites, Bangalore, Jayanagar, 1, Main Road, Jayanagar, Bangalore, 4.0, 15092.28, Concierge, Parking, Business Center, Airport Shuttle, Conference Room, 4.2, Premium Bangalore Suites is a 4.0-star hotel located in Jayanagar, Bangalore. The hotel offers Concierge, Parking, Business Center, Airport Shuttle, Conference Room. It's priced at ₹15092.28 per night and has a guest rating of 4.2/5., 25, Premium Bangalore Suites, Bangalore, Jayanagar, 1, Main Road, Jayanagar, Bangalore, 4.0, 15092.28, Concierge, Parking, Business Center, Airport Shuttle, Conference Room, 4.2, Premium Bangalore Suites is a 4.0-star hotel located in Jayanagar, Bangalore. The hotel offers Concierge, Parking, Business Center, Airport Shuttle, Conference Room. It's priced at ₹15092.28 per night and has a guest rating of 4.2/5."
25,26,Luxury Jaipur Plaza,Jaipur,Vaishali Nagar,"41, Street, Vaishali Nagar, Jaipur",3.8,10782.99,"Conference Room, Concierge, Parking, Laundry Service, Bar, Business Center",3,"26, Luxury Jaipur Plaza, Jaipur, Vaishali Nagar, 41, Street, Vaishali Nagar, Jaipur, 3.8, 10782.99, Conference Room, Concierge, Parking, Laundry Service, Bar, Business Center, 3.0, Luxury Jaipur Plaza is a 3.8-star hotel located in Vaishali Nagar, Jaipur. The hotel offers Conference Room, Concierge, Parking, Laundry Service, Bar, Business Center. It's priced at ₹10782.99 per night and has a guest rating of 3.0/5., 26, Luxury Jaipur Plaza, Jaipur, Vaishali Nagar, 41, Street, Vaishali Nagar, Jaipur, 3.8, 10782.99, Conference Room, Concierge, Parking, Laundry Service, Bar, Business Center, 3.0, Luxury Jaipur Plaza is a 3.8-star hotel located in Vaishali Nagar, Jaipur. The hotel offers Conference Room, Concierge, Parking, Laundry Service, Bar, Business Center. It's priced at ₹10782.99 per night and has a guest rating of 3.0/5., 26, Luxury Jaipur Plaza, Jaipur, Vaishali Nagar, 41, Street, Vaishali Nagar, Jaipur, 3.8, 10782.99, Conference Room, Concierge, Parking, Laundry Service, Bar, Business Center, 3.0, Luxury Jaipur Plaza is a 3.8-star hotel located in Vaishali Nagar, Jaipur. The hotel offers Conference Room, Concierge, Parking, Laundry Service, Bar, Business Center. It's priced at ₹10782.99 per night and has a guest rating of 3.0/5., 26, Luxury Jaipur Plaza, Jaipur, Vaishali Nagar, 41, Street, Vaishali Nagar, Jaipur, 3.8, 10782.99, Conference Room, Concierge, Parking, Laundry Service, Bar, Business Center, 3.0, Luxury Jaipur Plaza is a 3.8-star hotel located in Vaishali Nagar, Jaipur. The hotel offers Conference Room, Concierge, Parking, Laundry Service, Bar, Business Center. It's priced at ₹10782.99 per night and has a guest rating of 3.0/5."
26,27,Comfort Bangalore Plaza,Bangalore,MG Road,"79, Avenue, MG Road, Bangalore",3.2,5829.45,"Room Service, Airport Shuttle, Bar, Fitness Center, Spa, Breakfast Included, Swimming Pool",3.1,"27, Comfort Bangalore Plaza, Bangalore, MG Road, 79, Avenue, MG Road, Bangalore, 3.2, 5829.45, Room Service, Airport Shuttle, Bar, Fitness Center, Spa, Breakfast Included, Swimming Pool, 3.1, Comfort Bangalore Plaza is a 3.2-star hotel located in MG Road, Bangalore. The hotel offers Room Service, Airport Shuttle, Bar, Fitness Center, Spa, Breakfast Included, Swimming Pool. It's priced at ₹5829.45 per night and has a guest rating of 3.1/5., 27, Comfort Bangalore Plaza, Bangalore, MG Road, 79, Avenue, MG Road, Bangalore, 3.2, 5829.45, Room Service, Airport Shuttle, Bar, Fitness Center, Spa, Breakfast Included, Swimming Pool, 3.1, Comfort Bangalore Plaza is a 3.2-star hotel located in MG Road, Bangalore. The hotel offers Room Service, Airport Shuttle, Bar, Fitness Center, Spa, Breakfast Included, Swimming Pool. It's priced at ₹5829.45 per night and has a guest rating of 3.1/5., 27, Comfort Bangalore Plaza, Bangalore, MG Road, 79, Avenue, MG Road, Bangalore, 3.2, 5829.45, Room Service, Airport Shuttle, Bar, Fitness Center, Spa, Breakfast Included, Swimming Pool, 3.1, Comfort Bangalore Plaza is a 3.2-star hotel located in MG Road, Bangalore. The hotel offers Room Service, Airport Shuttle, Bar, Fitness Center, Spa, Breakfast Included, Swimming Pool. It's priced at ₹5829.45 per night and has a guest rating of 3.1/5., 27, Comfort Bangalore Plaza, Bangalore, MG Road, 79, Avenue, MG Road, Bangalore, 3.2, 5829.45, Room Service, Airport Shuttle, Bar, Fitness Center, Spa, Breakfast Included, Swimming Pool, 3.1, Comfort Bangalore Plaza is a 3.2-star hotel located in MG Road, Bangalore. The hotel offers Room Service, Airport Shuttle, Bar, Fitness Center, Spa, Breakfast Included, Swimming Pool. It's priced at ₹5829.45 per night and has a guest rating of 3.1/5."
27,28,Hotel Delhi Residency,Delhi,Saket,"6, Main Road, Saket, Delhi",4.1,16368.2,"Free Wi-Fi, Fitness Center, Airport Shuttle, Room Service",4.2,"28, Hotel Delhi Residency, Delhi, Saket, 6, Main Road, Saket, Delhi, 4.1, 16368.2, Free Wi-Fi, Fitness Center, Airport Shuttle, Room Service, 4.2, Hotel Delhi Residency is a 4.1-star hotel located in Saket, Delhi. The hotel offers Free Wi-Fi, Fitness Center, Airport Shuttle, Room Service. It's priced at ₹16368.2 per night and has a guest rating of 4.2/5., 28, Hotel Delhi Residency, Delhi, Saket, 6, Main Road, Saket, Delhi, 4.1, 16368.2, Free Wi-Fi, Fitness Center, Airport Shuttle, Room Service, 4.2, Hotel Delhi Residency is a 4.1-star hotel located in Saket, Delhi. The hotel offers Free Wi-Fi, Fitness Center, Airport Shuttle, Room Service. It's priced at ₹16368.2 per night and has a guest rating of 4.2/5., 28, Hotel Delhi Residency, Delhi, Saket, 6, Main Road, Saket, Delhi, 4.1, 16368.2, Free Wi-Fi, Fitness Center, Airport Shuttle, Room Service, 4.2, Hotel Delhi Residency is a 4.1-star hotel located in Saket, Delhi. The hotel offers Free Wi-Fi, Fitness Center, Airport Shuttle, Room Service. It's priced at ₹16368.2 per night and has a guest rating of 4.2/5., 28, Hotel Delhi Residency, Delhi, Saket, 6, Main Road, Saket, Delhi, 4.1, 16368.2, Free Wi-Fi, Fitness Center, Airport Shuttle, Room Service, 4.2, Hotel Delhi Residency is a 4.1-star hotel located in Saket, Delhi. The hotel offers Free Wi-Fi, Fitness Center, Airport Shuttle, Room Service. It's priced at ₹16368.2 per night and has a guest rating of 4.2/5."
28,29,Elite Hyderabad Resort,Hyderabad,Hitech City,"23, Avenue, Hitech City, Hyderabad",4.8,11584.46,"Room Service, Airport Shuttle, Laundry Service, Conference Room, Restaurant, Breakfast Included, Spa",3.1,"29, Elite Hyderabad Resort, Hyderabad, Hitech City, 23, Avenue, Hitech City, Hyderabad, 4.8, 11584.46, Room Service, Airport Shuttle, Laundry Service, Conference Room, Restaurant, Breakfast Included, Spa, 3.1, Elite Hyderabad Resort is a 4.8-star hotel located in Hitech City, Hyderabad. The hotel offers Room Service, Airport Shuttle, Laundry Service, Conference Room, Restaurant, Breakfast Included, Spa. It's priced at ₹11584.46 per night and has a guest rating of 3.1/5., 29, Elite Hyderabad Resort, Hyderabad, Hitech City, 23, Avenue, Hitech City, Hyderabad, 4.8, 11584.46, Room Service, Airport Shuttle, Laundry Service, Conference Room, Restaurant, Breakfast Included, Spa, 3.1, Elite Hyderabad Resort is a 4.8-star hotel located in Hitech City, Hyderabad. The hotel offers Room Service, Airport Shuttle, Laundry Service, Conference Room, Restaurant, Breakfast Included, Spa. It's priced at ₹11584.46 per night and has a guest rating of 3.1/5., 29, Elite Hyderabad Resort, Hyderabad, Hitech City, 23, Avenue, Hitech City, Hyderabad, 4.8, 11584.46, Room Service, Airport Shuttle, Laundry Service, Conference Room, Restaurant, Breakfast Included, Spa, 3.1, Elite Hyderabad Resort is a 4.8-star hotel located in Hitech City, Hyderabad. The hotel offers Room Service, Airport Shuttle, Laundry Service, Conference Room, Restaurant, Breakfast Included, Spa. It's priced at ₹11584.46 per night and has a guest rating of 3.1/5., 29, Elite Hyderabad Resort, Hyderabad, Hitech City, 23, Avenue, Hitech City, Hyderabad, 4.8, 11584.46, Room Service, Airport Shuttle, Laundry Service, Conference Room, Restaurant, Breakfast Included, Spa, 3.1, Elite Hyderabad Resort is a 4.8-star hotel located in Hitech City, Hyderabad. The hotel offers Room Service, Airport Shuttle, Laundry Service, Conference Room, Restaurant, Breakfast Included, Spa. It's priced at ₹11584.46 per night and has a guest rating of 3.1/5."
29,30,Grand Chennai Hotel,Chennai,Nungambakkam,"18, Street, Nungambakkam, Chennai",4.2,7013.05,"Fitness Center, Laundry Service, Spa",4.6,"30, Grand Chennai Hotel, Chennai, Nungambakkam, 18, Street, Nungambakkam, Chennai, 4.2, 7013.05, Fitness Center, Laundry Service, Spa, 4.6, Grand Chennai Hotel is a 4.2-star hotel located in Nungambakkam, Chennai. The hotel offers Fitness Center, Laundry Service, Spa. It's priced at ₹7013.05 per night and has a guest rating of 4.6/5., 30, Grand Chennai Hotel, Chennai, Nungambakkam, 18, Street, Nungambakkam, Chennai, 4.2, 7013.05, Fitness Center, Laundry Service, Spa, 4.6, Grand Chennai Hotel is a 4.2-star hotel located in Nungambakkam, Chennai. The hotel offers Fitness Center, Laundry Service, Spa. It's priced at ₹7013.05 per night and has a guest rating of 4.6/5., 30, Grand Chennai Hotel, Chennai, Nungambakkam, 18, Street, Nungambakkam, Chennai, 4.2, 7013.05, Fitness Center, Laundry Service, Spa, 4.6, Grand Chennai Hotel is a 4.2-star hotel located in Nungambakkam, Chennai. The hotel offers Fitness Center, Laundry Service, Spa. It's priced at ₹7013.05 per night and has a guest rating of 4.6/5., 30, Grand Chennai Hotel, Chennai, Nungambakkam, 18, Street, Nungambakkam, Chennai, 4.2, 7013.05, Fitness Center, Laundry Service, Spa, 4.6, Grand Chennai Hotel is a 4.2-star hotel located in Nungambakkam, Chennai. The hotel offers Fitness Center, Laundry Service, Spa. It's priced at ₹7013.05 per night and has a guest rating of 4.6/5."
30,31,Grand Hyderabad Palace,Hyderabad,Hitech City,"38, Avenue, Hitech City, Hyderabad",4.9,9882.12,"Breakfast Included, Bar, Free Wi-Fi, Restaurant",4.7,"31, Grand Hyderabad Palace, Hyderabad, Hitech City, 38, Avenue, Hitech City, Hyderabad, 4.9, 9882.12, Breakfast Included, Bar, Free Wi-Fi, Restaurant, 4.7, Grand Hyderabad Palace is a 4.9-star hotel located in Hitech City, Hyderabad. The hotel offers Breakfast Included, Bar, Free Wi-Fi, Restaurant. It's priced at ₹9882.12 per night and has a guest rating of 4.7/5., 31, Grand Hyderabad Palace, Hyderabad, Hitech City, 38, Avenue, Hitech City, Hyderabad, 4.9, 9882.12, Breakfast Included, Bar, Free Wi-Fi, Restaurant, 4.7, Grand Hyderabad Palace is a 4.9-star hotel located in Hitech City, Hyderabad. The hotel offers Breakfast Included, Bar, Free Wi-Fi, Restaurant. It's priced at ₹9882.12 per night and has a guest rating of 4.7/5., 31, Grand Hyderabad Palace, Hyderabad, Hitech City, 38, Avenue, Hitech City, Hyderabad, 4.9, 9882.12, Breakfast Included, Bar, Free Wi-Fi, Restaurant, 4.7, Grand Hyderabad Palace is a 4.9-star hotel located in Hitech City, Hyderabad. The hotel offers Breakfast Included, Bar, Free Wi-Fi, Restaurant. It's priced at ₹9882.12 per night and has a guest rating of 4.7/5., 31, Grand Hyderabad Palace, Hyderabad, Hitech City, 38, Avenue, Hitech City, Hyderabad, 4.9, 9882.12, Breakfast Included, Bar, Free Wi-Fi, Restaurant, 4.7, Grand Hyderabad Palace is a 4.9-star hotel located in Hitech City, Hyderabad. The hotel offers Breakfast Included, Bar, Free Wi-Fi, Restaurant. It's priced at ₹9882.12 per night and has a guest rating of 4.7/5."
31,32,Luxury Pune Plaza,Pune,Baner,"64, Avenue, Baner, Pune",4.9,3236.25,"Breakfast Included, Business Center, Laundry Service, Spa",4.7,"32, Luxury Pune Plaza, Pune, Baner, 64, Avenue, Baner, Pune, 4.9, 3236.25, Breakfast Included, Business Center, Laundry Service, Spa, 4.7, Luxury Pune Plaza is a 4.9-star hotel located in Baner, Pune. The hotel offers Breakfast Included, Business Center, Laundry Service, Spa. It's priced at ₹3236.25 per night and has a guest rating of 4.7/5., 32, Luxury Pune Plaza, Pune, Baner, 64, Avenue, Baner, Pune, 4.9, 3236.25, Breakfast Included, Business Center, Laundry Service, Spa, 4.7, Luxury Pune Plaza is a 4.9-star hotel located in Baner, Pune. The hotel offers Breakfast Included, Business Center, Laundry Service, Spa. It's priced at ₹3236.25 per night and has a guest rating of 4.7/5., 32, Luxury Pune Plaza, Pune, Baner, 64, Avenue, Baner, Pune, 4.9, 3236.25, Breakfast Included, Business Center, Laundry Service, Spa, 4.7, Luxury Pune Plaza is a 4.9-star hotel located in Baner, Pune. The hotel offers Breakfast Included, Business Center, Laundry Service, Spa. It's priced at ₹3236.25 per night and has a guest rating of 4.7/5., 32, Luxury Pune Plaza, Pune, Baner, 64, Avenue, Baner, Pune, 4.9, 3236.25, Breakfast Included, Business Center, Laundry Service, Spa, 4.7, Luxury Pune Plaza is a 4.9-star hotel located in Baner, Pune. The hotel offers Breakfast Included, Business Center, Laundry Service, Spa. It's priced at ₹3236.25 per night and has a guest rating of 4.7/5."
32,33,Royal Chennai Resort,Chennai,Nungambakkam,"89, Avenue, Nungambakkam, Chennai",4.2,2517.29,"Conference Room, Spa, Bar, Laundry Service, Breakfast Included, Fitness Center, Swimming Pool",4.9,"33, Royal Chennai Resort, Chennai, Nungambakkam, 89, Avenue, Nungambakkam, Chennai, 4.2, 2517.29, Conference Room, Spa, Bar, Laundry Service, Breakfast Included, Fitness Center, Swimming Pool, 4.9, Royal Chennai Resort is a 4.2-star hotel located in Nungambakkam, Chennai. The hotel offers Conference Room, Spa, Bar, Laundry Service, Breakfast Included, Fitness Center, Swimming Pool. It's priced at ₹2517.29 per night and has a guest rating of 4.9/5., 33, Royal Chennai Resort, Chennai, Nungambakkam, 89, Avenue, Nungambakkam, Chennai, 4.2, 2517.29, Conference Room, Spa, Bar, Laundry Service, Breakfast Included, Fitness Center, Swimming Pool, 4.9, Royal Chennai Resort is a 4.2-star hotel located in Nungambakkam, Chennai. The hotel offers Conference Room, Spa, Bar, Laundry Service, Breakfast Included, Fitness Center, Swimming Pool. It's priced at ₹2517.29 per night and has a guest rating of 4.9/5., 33, Royal Chennai Resort, Chennai, Nungambakkam, 89, Avenue, Nungambakkam, Chennai, 4.2, 2517.29, Conference Room, Spa, Bar, Laundry Service, Breakfast Included, Fitness Center, Swimming Pool, 4.9, Royal Chennai Resort is a 4.2-star hotel located in Nungambakkam, Chennai. The hotel offers Conference Room, Spa, Bar, Laundry Service, Breakfast Included, Fitness Center, Swimming Pool. It's priced at ₹2517.29 per night and has a guest rating of 4.9/5., 33, Royal Chennai Resort, Chennai, Nungambakkam, 89, Avenue, Nungambakkam, Chennai, 4.2, 2517.29, Conference Room, Spa, Bar, Laundry Service, Breakfast Included, Fitness Center, Swimming Pool, 4.9, Royal Chennai Resort is a 4.2-star hotel located in Nungambakkam, Chennai. The hotel offers Conference Room, Spa, Bar, Laundry Service, Breakfast Included, Fitness Center, Swimming Pool. It's priced at ₹2517.29 per night and has a guest rating of 4.9/5."
33,34,Premium Bangalore Palace,Bangalore,Whitefield,"24, Main Road, Whitefield, Bangalore",3.3,14701.7,"Airport Shuttle, Laundry Service, Room Service",4.9,"34, Premium Bangalore Palace, Bangalore, Whitefield, 24, Main Road, Whitefield, Bangalore, 3.3, 14701.7, Airport Shuttle, Laundry Service, Room Service, 4.9, Premium Bangalore Palace is a 3.3-star hotel located in Whitefield, Bangalore. The hotel offers Airport Shuttle, Laundry Service, Room Service. It's priced at ₹14701.7 per night and has a guest rating of 4.9/5., 34, Premium Bangalore Palace, Bangalore, Whitefield, 24, Main Road, Whitefield, Bangalore, 3.3, 14701.7, Airport Shuttle, Laundry Service, Room Service, 4.9, Premium Bangalore Palace is a 3.3-star hotel located in Whitefield, Bangalore. The hotel offers Airport Shuttle, Laundry Service, Room Service. It's priced at ₹14701.7 per night and has a guest rating of 4.9/5., 34, Premium Bangalore Palace, Bangalore, Whitefield, 24, Main Road, Whitefield, Bangalore, 3.3, 14701.7, Airport Shuttle, Laundry Service, Room Service, 4.9, Premium Bangalore Palace is a 3.3-star hotel located in Whitefield, Bangalore. The hotel offers Airport Shuttle, Laundry Service, Room Service. It's priced at ₹14701.7 per night and has a guest rating of 4.9/5., 34, Premium Bangalore Palace, Bangalore, Whitefield, 24, Main Road, Whitefield, Bangalore, 3.3, 14701.7, Airport Shuttle, Laundry Service, Room Service, 4.9, Premium Bangalore Palace is a 3.3-star hotel located in Whitefield, Bangalore. The hotel offers Airport Shuttle, Laundry Service, Room Service. It's priced at ₹14701.7 per night and has a guest rating of 4.9/5."
34,35,Royal Chennai Residency,Chennai,Mylapore,"10, Boulevard, Mylapore, Chennai",4.7,18394.36,"Restaurant, Free Wi-Fi, Breakfast Included, Spa",4.7,"35, Royal Chennai Residency, Chennai, Mylapore, 10, Boulevard, Mylapore, Chennai, 4.7, 18394.36, Restaurant, Free Wi-Fi, Breakfast Included, Spa, 4.7, Royal Chennai Residency is a 4.7-star hotel located in Mylapore, Chennai. The hotel offers Restaurant, Free Wi-Fi, Breakfast Included, Spa. It's priced at ₹18394.36 per night and has a guest rating of 4.7/5., 35, Royal Chennai Residency, Chennai, Mylapore, 10, Boulevard, Mylapore, Chennai, 4.7, 18394.36, Restaurant, Free Wi-Fi, Breakfast Included, Spa, 4.7, Royal Chennai Residency is a 4.7-star hotel located in Mylapore, Chennai. The hotel offers Restaurant, Free Wi-Fi, Breakfast Included, Spa. It's priced at ₹18394.36 per night and has a guest rating of 4.7/5., 35, Royal Chennai Residency, Chennai, Mylapore, 10, Boulevard, Mylapore, Chennai, 4.7, 18394.36, Restaurant, Free Wi-Fi, Breakfast Included, Spa, 4.7, Royal Chennai Residency is a 4.7-star hotel located in Mylapore, Chennai. The hotel offers Restaurant, Free Wi-Fi, Breakfast Included, Spa. It's priced at ₹18394.36 per night and has a guest rating of 4.7/5., 35, Royal Chennai Residency, Chennai, Mylapore, 10, Boulevard, Mylapore, Chennai, 4.7, 18394.36, Restaurant, Free Wi-Fi, Breakfast Included, Spa, 4.7, Royal Chennai Residency is a 4.7-star hotel located in Mylapore, Chennai. The hotel offers Restaurant, Free Wi-Fi, Breakfast Included, Spa. It's priced at ₹18394.36 per night and has a guest rating of 4.7/5."
35,36,The Ahmedabad Residency,Ahmedabad,Satellite,"38, Avenue, Satellite, Ahmedabad",3.2,9278.69,"Room Service, Conference Room, Swimming Pool, Bar, Restaurant",3.2,"36, The Ahmedabad Residency, Ahmedabad, Satellite, 38, Avenue, Satellite, Ahmedabad, 3.2, 9278.69, Room Service, Conference Room, Swimming Pool, Bar, Restaurant, 3.2, The Ahmedabad Residency is a 3.2-star hotel located in Satellite, Ahmedabad. The hotel offers Room Service, Conference Room, Swimming Pool, Bar, Restaurant. It's priced at ₹9278.69 per night and has a guest rating of 3.2/5., 36, The Ahmedabad Residency, Ahmedabad, Satellite, 38, Avenue, Satellite, Ahmedabad, 3.2, 9278.69, Room Service, Conference Room, Swimming Pool, Bar, Restaurant, 3.2, The Ahmedabad Residency is a 3.2-star hotel located in Satellite, Ahmedabad. The hotel offers Room Service, Conference Room, Swimming Pool, Bar, Restaurant. It's priced at ₹9278.69 per night and has a guest rating of 3.2/5., 36, The Ahmedabad Residency, Ahmedabad, Satellite, 38, Avenue, Satellite, Ahmedabad, 3.2, 9278.69, Room Service, Conference Room, Swimming Pool, Bar, Restaurant, 3.2, The Ahmedabad Residency is a 3.2-star hotel located in Satellite, Ahmedabad. The hotel offers Room Service, Conference Room, Swimming Pool, Bar, Restaurant. It's priced at ₹9278.69 per night and has a guest rating of 3.2/5., 36, The Ahmedabad Residency, Ahmedabad, Satellite, 38, Avenue, Satellite, Ahmedabad, 3.2, 9278.69, Room Service, Conference Room, Swimming Pool, Bar, Restaurant, 3.2, The Ahmedabad Residency is a 3.2-star hotel located in Satellite, Ahmedabad. The hotel offers Room Service, Conference Room, Swimming Pool, Bar, Restaurant. It's priced at ₹9278.69 per night and has a guest rating of 3.2/5."
36,37,Hotel Mumbai Retreat,Mumbai,Bandra,"95, Avenue, Bandra, Mumbai",3.7,3051.51,"Airport Shuttle, Parking, Restaurant, Spa, Bar, Swimming Pool, Room Service",4.3,"37, Hotel Mumbai Retreat, Mumbai, Bandra, 95, Avenue, Bandra, Mumbai, 3.7, 3051.51, Airport Shuttle, Parking, Restaurant, Spa, Bar, Swimming Pool, Room Service, 4.3, Hotel Mumbai Retreat is a 3.7-star hotel located in Bandra, Mumbai. The hotel offers Airport Shuttle, Parking, Restaurant, Spa, Bar, Swimming Pool, Room Service. It's priced at ₹3051.51 per night and has a guest rating of 4.3/5., 37, Hotel Mumbai Retreat, Mumbai, Bandra, 95, Avenue, Bandra, Mumbai, 3.7, 3051.51, Airport Shuttle, Parking, Restaurant, Spa, Bar, Swimming Pool, Room Service, 4.3, Hotel Mumbai Retreat is a 3.7-star hotel located in Bandra, Mumbai. The hotel offers Airport Shuttle, Parking, Restaurant, Spa, Bar, Swimming Pool, Room Service. It's priced at ₹3051.51 per night and has a guest rating of 4.3/5., 37, Hotel Mumbai Retreat, Mumbai, Bandra, 95, Avenue, Bandra, Mumbai, 3.7, 3051.51, Airport Shuttle, Parking, Restaurant, Spa, Bar, Swimming Pool, Room Service, 4.3, Hotel Mumbai Retreat is a 3.7-star hotel located in Bandra, Mumbai. The hotel offers Airport Shuttle, Parking, Restaurant, Spa, Bar, Swimming Pool, Room Service. It's priced at ₹3051.51 per night and has a guest rating of 4.3/5., 37, Hotel Mumbai Retreat, Mumbai, Bandra, 95, Avenue, Bandra, Mumbai, 3.7, 3051.51, Airport Shuttle, Parking, Restaurant, Spa, Bar, Swimming Pool, Room Service, 4.3, Hotel Mumbai Retreat is a 3.7-star hotel located in Bandra, Mumbai. The hotel offers Airport Shuttle, Parking, Restaurant, Spa, Bar, Swimming Pool, Room Service. It's priced at ₹3051.51 per night and has a guest rating of 4.3/5."
37,38,Premium Mumbai Inn,Mumbai,Bandra,"10, Avenue, Bandra, Mumbai",3.2,8522.93,"Fitness Center, Concierge, Swimming Pool, Breakfast Included",4.5,"38, Premium Mumbai Inn, Mumbai, Bandra, 10, Avenue, Bandra, Mumbai, 3.2, 8522.93, Fitness Center, Concierge, Swimming Pool, Breakfast Included, 4.5, Premium Mumbai Inn is a 3.2-star hotel located in Bandra, Mumbai. The hotel offers Fitness Center, Concierge, Swimming Pool, Breakfast Included. It's priced at ₹8522.93 per night and has a guest rating of 4.5/5., 38, Premium Mumbai Inn, Mumbai, Bandra, 10, Avenue, Bandra, Mumbai, 3.2, 8522.93, Fitness Center, Concierge, Swimming Pool, Breakfast Included, 4.5, Premium Mumbai Inn is a 3.2-star hotel located in Bandra, Mumbai. The hotel offers Fitness Center, Concierge, Swimming Pool, Breakfast Included. It's priced at ₹8522.93 per night and has a guest rating of 4.5/5., 38, Premium Mumbai Inn, Mumbai, Bandra, 10, Avenue, Bandra, Mumbai, 3.2, 8522.93, Fitness Center, Concierge, Swimming Pool, Breakfast Included, 4.5, Premium Mumbai Inn is a 3.2-star hotel located in Bandra, Mumbai. The hotel offers Fitness Center, Concierge, Swimming Pool, Breakfast Included. It's priced at ₹8522.93 per night and has a guest rating of 4.5/5., 38, Premium Mumbai Inn, Mumbai, Bandra, 10, Avenue, Bandra, Mumbai, 3.2, 8522.93, Fitness Center, Concierge, Swimming Pool, Breakfast Included, 4.5, Premium Mumbai Inn is a 3.2-star hotel located in Bandra, Mumbai. The hotel offers Fitness Center, Concierge, Swimming Pool, Breakfast Included. It's priced at ₹8522.93 per night and has a guest rating of 4.5/5."
38,39,Grand Delhi Suites,Delhi,Connaught Place,"10, Street, Connaught Place, Delhi",4.7,18406.45,"Parking, Free Wi-Fi, Fitness Center",4.3,"39, Grand Delhi Suites, Delhi, Connaught Place, 10, Street, Connaught Place, Delhi, 4.7, 18406.45, Parking, Free Wi-Fi, Fitness Center, 4.3, Grand Delhi Suites is a 4.7-star hotel located in Connaught Place, Delhi. The hotel offers Parking, Free Wi-Fi, Fitness Center. It's priced at ₹18406.45 per night and has a guest rating of 4.3/5., 39, Grand Delhi Suites, Delhi, Connaught Place, 10, Street, Connaught Place, Delhi, 4.7, 18406.45, Parking, Free Wi-Fi, Fitness Center, 4.3, Grand Delhi Suites is a 4.7-star hotel located in Connaught Place, Delhi. The hotel offers Parking, Free Wi-Fi, Fitness Center. It's priced at ₹18406.45 per night and has a guest rating of 4.3/5., 39, Grand Delhi Suites, Delhi, Connaught Place, 10, Street, Connaught Place, Delhi, 4.7, 18406.45, Parking, Free Wi-Fi, Fitness Center, 4.3, Grand Delhi Suites is a 4.7-star hotel located in Connaught Place, Delhi. The hotel offers Parking, Free Wi-Fi, Fitness Center. It's priced at ₹18406.45 per night and has a guest rating of 4.3/5., 39, Grand Delhi Suites, Delhi, Connaught Place, 10, Street, Connaught Place, Delhi, 4.7, 18406.45, Parking, Free Wi-Fi, Fitness Center, 4.3, Grand Delhi Suites is a 4.7-star hotel located in Connaught Place, Delhi. The hotel offers Parking, Free Wi-Fi, Fitness Center. It's priced at ₹18406.45 per night and has a guest rating of 4.3/5."
39,40,Comfort Hyderabad Retreat,Hyderabad,Jubilee Hills,"44, Street, Jubilee Hills, Hyderabad",3.8,19169.66,"Concierge, Airport Shuttle, Conference Room, Bar, Restaurant, Business Center",3.1,"40, Comfort Hyderabad Retreat, Hyderabad, Jubilee Hills, 44, Street, Jubilee Hills, Hyderabad, 3.8, 19169.66, Concierge, Airport Shuttle, Conference Room, Bar, Restaurant, Business Center, 3.1, Comfort Hyderabad Retreat is a 3.8-star hotel located in Jubilee Hills, Hyderabad. The hotel offers Concierge, Airport Shuttle, Conference Room, Bar, Restaurant, Business Center. It's priced at ₹19169.66 per night and has a guest rating of 3.1/5., 40, Comfort Hyderabad Retreat, Hyderabad, Jubilee Hills, 44, Street, Jubilee Hills, Hyderabad, 3.8, 19169.66, Concierge, Airport Shuttle, Conference Room, Bar, Restaurant, Business Center, 3.1, Comfort Hyderabad Retreat is a 3.8-star hotel located in Jubilee Hills, Hyderabad. The hotel offers Concierge, Airport Shuttle, Conference Room, Bar, Restaurant, Business Center. It's priced at ₹19169.66 per night and has a guest rating of 3.1/5., 40, Comfort Hyderabad Retreat, Hyderabad, Jubilee Hills, 44, Street, Jubilee Hills, Hyderabad, 3.8, 19169.66, Concierge, Airport Shuttle, Conference Room, Bar, Restaurant, Business Center, 3.1, Comfort Hyderabad Retreat is a 3.8-star hotel located in Jubilee Hills, Hyderabad. The hotel offers Concierge, Airport Shuttle, Conference Room, Bar, Restaurant, Business Center. It's priced at ₹19169.66 per night and has a guest rating of 3.1/5., 40, Comfort Hyderabad Retreat, Hyderabad, Jubilee Hills, 44, Street, Jubilee Hills, Hyderabad, 3.8, 19169.66, Concierge, Airport Shuttle, Conference Room, Bar, Restaurant, Business Center, 3.1, Comfort Hyderabad Retreat is a 3.8-star hotel located in Jubilee Hills, Hyderabad. The hotel offers Concierge, Airport Shuttle, Conference Room, Bar, Restaurant, Business Center. It's priced at ₹19169.66 per night and has a guest rating of 3.1/5."
40,41,Royal Jaipur Plaza,Jaipur,C Scheme,"12, Avenue, C Scheme, Jaipur",3.3,7652.47,"Laundry Service, Swimming Pool, Parking, Concierge",4.7,"41, Royal Jaipur Plaza, Jaipur, C Scheme, 12, Avenue, C Scheme, Jaipur, 3.3, 7652.47, Laundry Service, Swimming Pool, Parking, Concierge, 4.7, Royal Jaipur Plaza is a 3.3-star hotel located in C Scheme, Jaipur. The hotel offers Laundry Service, Swimming Pool, Parking, Concierge. It's priced at ₹7652.47 per night and has a guest rating of 4.7/5., 41, Royal Jaipur Plaza, Jaipur, C Scheme, 12, Avenue, C Scheme, Jaipur, 3.3, 7652.47, Laundry Service, Swimming Pool, Parking, Concierge, 4.7, Royal Jaipur Plaza is a 3.3-star hotel located in C Scheme, Jaipur. The hotel offers Laundry Service, Swimming Pool, Parking, Concierge. It's priced at ₹7652.47 per night and has a guest rating of 4.7/5., 41, Royal Jaipur Plaza, Jaipur, C Scheme, 12, Avenue, C Scheme, Jaipur, 3.3, 7652.47, Laundry Service, Swimming Pool, Parking, Concierge, 4.7, Royal Jaipur Plaza is a 3.3-star hotel located in C Scheme, Jaipur. The hotel offers Laundry Service, Swimming Pool, Parking, Concierge. It's priced at ₹7652.47 per night and has a guest rating of 4.7/5., 41, Royal Jaipur Plaza, Jaipur, C Scheme, 12, Avenue, C Scheme, Jaipur, 3.3, 7652.47, Laundry Service, Swimming Pool, Parking, Concierge, 4.7, Royal Jaipur Plaza is a 3.3-star hotel located in C Scheme, Jaipur. The hotel offers Laundry Service, Swimming Pool, Parking, Concierge. It's priced at ₹7652.47 per night and has a guest rating of 4.7/5."
41,42,Luxury Pune Resort,Pune,Viman Nagar,"29, Avenue, Viman Nagar, Pune",4.4,6429.43,"Conference Room, Laundry Service, Concierge",3.8,"42, Luxury Pune Resort, Pune, Viman Nagar, 29, Avenue, Viman Nagar, Pune, 4.4, 6429.43, Conference Room, Laundry Service, Concierge, 3.8, Luxury Pune Resort is a 4.4-star hotel located in Viman Nagar, Pune. The hotel offers Conference Room, Laundry Service, Concierge. It's priced at ₹6429.43 per night and has a guest rating of 3.8/5., 42, Luxury Pune Resort, Pune, Viman Nagar, 29, Avenue, Viman Nagar, Pune, 4.4, 6429.43, Conference Room, Laundry Service, Concierge, 3.8, Luxury Pune Resort is a 4.4-star hotel located in Viman Nagar, Pune. The hotel offers Conference Room, Laundry Service, Concierge. It's priced at ₹6429.43 per night and has a guest rating of 3.8/5., 42, Luxury Pune Resort, Pune, Viman Nagar, 29, Avenue, Viman Nagar, Pune, 4.4, 6429.43, Conference Room, Laundry Service, Concierge, 3.8, Luxury Pune Resort is a 4.4-star hotel located in Viman Nagar, Pune. The hotel offers Conference Room, Laundry Service, Concierge. It's priced at ₹6429.43 per night and has a guest rating of 3.8/5., 42, Luxury Pune Resort, Pune, Viman Nagar, 29, Avenue, Viman Nagar, Pune, 4.4, 6429.43, Conference Room, Laundry Service, Concierge, 3.8, Luxury Pune Resort is a 4.4-star hotel located in Viman Nagar, Pune. The hotel offers Conference Room, Laundry Service, Concierge. It's priced at ₹6429.43 per night and has a guest rating of 3.8/5."
42,43,Elite Hyderabad Hotel,Hyderabad,Gachibowli,"70, Avenue, Gachibowli, Hyderabad",3.5,12776.87,"Concierge, Spa, Airport Shuttle, Breakfast Included, Parking",4.1,"43, Elite Hyderabad Hotel, Hyderabad, Gachibowli, 70, Avenue, Gachibowli, Hyderabad, 3.5, 12776.87, Concierge, Spa, Airport Shuttle, Breakfast Included, Parking, 4.1, Elite Hyderabad Hotel is a 3.5-star hotel located in Gachibowli, Hyderabad. The hotel offers Concierge, Spa, Airport Shuttle, Breakfast Included, Parking. It's priced at ₹12776.87 per night and has a guest rating of 4.1/5., 43, Elite Hyderabad Hotel, Hyderabad, Gachibowli, 70, Avenue, Gachibowli, Hyderabad, 3.5, 12776.87, Concierge, Spa, Airport Shuttle, Breakfast Included, Parking, 4.1, Elite Hyderabad Hotel is a 3.5-star hotel located in Gachibowli, Hyderabad. The hotel offers Concierge, Spa, Airport Shuttle, Breakfast Included, Parking. It's priced at ₹12776.87 per night and has a guest rating of 4.1/5., 43, Elite Hyderabad Hotel, Hyderabad, Gachibowli, 70, Avenue, Gachibowli, Hyderabad, 3.5, 12776.87, Concierge, Spa, Airport Shuttle, Breakfast Included, Parking, 4.1, Elite Hyderabad Hotel is a 3.5-star hotel located in Gachibowli, Hyderabad. The hotel offers Concierge, Spa, Airport Shuttle, Breakfast Included, Parking. It's priced at ₹12776.87 per night and has a guest rating of 4.1/5., 43, Elite Hyderabad Hotel, Hyderabad, Gachibowli, 70, Avenue, Gachibowli, Hyderabad, 3.5, 12776.87, Concierge, Spa, Airport Shuttle, Breakfast Included, Parking, 4.1, Elite Hyderabad Hotel is a 3.5-star hotel located in Gachibowli, Hyderabad. The hotel offers Concierge, Spa, Airport Shuttle, Breakfast Included, Parking. It's priced at ₹12776.87 per night and has a guest rating of 4.1/5."
43,44,Elite Mumbai Residency,Mumbai,Worli,"76, Main Road, Worli, Mumbai",4.2,8666.56,"Parking, Free Wi-Fi, Breakfast Included",3.6,"44, Elite Mumbai Residency, Mumbai, Worli, 76, Main Road, Worli, Mumbai, 4.2, 8666.56, Parking, Free Wi-Fi, Breakfast Included, 3.6, Elite Mumbai Residency is a 4.2-star hotel located in Worli, Mumbai. The hotel offers Parking, Free Wi-Fi, Breakfast Included. It's priced at ₹8666.56 per night and has a guest rating of 3.6/5., 44, Elite Mumbai Residency, Mumbai, Worli, 76, Main Road, Worli, Mumbai, 4.2, 8666.56, Parking, Free Wi-Fi, Breakfast Included, 3.6, Elite Mumbai Residency is a 4.2-star hotel located in Worli, Mumbai. The hotel offers Parking, Free Wi-Fi, Breakfast Included. It's priced at ₹8666.56 per night and has a guest rating of 3.6/5., 44, Elite Mumbai Residency, Mumbai, Worli, 76, Main Road, Worli, Mumbai, 4.2, 8666.56, Parking, Free Wi-Fi, Breakfast Included, 3.6, Elite Mumbai Residency is a 4.2-star hotel located in Worli, Mumbai. The hotel offers Parking, Free Wi-Fi, Breakfast Included. It's priced at ₹8666.56 per night and has a guest rating of 3.6/5., 44, Elite Mumbai Residency, Mumbai, Worli, 76, Main Road, Worli, Mumbai, 4.2, 8666.56, Parking, Free Wi-Fi, Breakfast Included, 3.6, Elite Mumbai Residency is a 4.2-star hotel located in Worli, Mumbai. The hotel offers Parking, Free Wi-Fi, Breakfast Included. It's priced at ₹8666.56 per night and has a guest rating of 3.6/5."
44,45,Hotel Jaipur Hotel,Jaipur,Raja Park,"49, Avenue, Raja Park, Jaipur",5,2816.13,"Conference Room, Fitness Center, Laundry Service, Swimming Pool, Restaurant",3.1,"45, Hotel Jaipur Hotel, Jaipur, Raja Park, 49, Avenue, Raja Park, Jaipur, 5.0, 2816.13, Conference Room, Fitness Center, Laundry Service, Swimming Pool, Restaurant, 3.1, Hotel Jaipur Hotel is a 5.0-star hotel located in Raja Park, Jaipur. The hotel offers Conference Room, Fitness Center, Laundry Service, Swimming Pool, Restaurant. It's priced at ₹2816.13 per night and has a guest rating of 3.1/5., 45, Hotel Jaipur Hotel, Jaipur, Raja Park, 49, Avenue, Raja Park, Jaipur, 5.0, 2816.13, Conference Room, Fitness Center, Laundry Service, Swimming Pool, Restaurant, 3.1, Hotel Jaipur Hotel is a 5.0-star hotel located in Raja Park, Jaipur. The hotel offers Conference Room, Fitness Center, Laundry Service, Swimming Pool, Restaurant. It's priced at ₹2816.13 per night and has a guest rating of 3.1/5., 45, Hotel Jaipur Hotel, Jaipur, Raja Park, 49, Avenue, Raja Park, Jaipur, 5.0, 2816.13, Conference Room, Fitness Center, Laundry Service, Swimming Pool, Restaurant, 3.1, Hotel Jaipur Hotel is a 5.0-star hotel located in Raja Park, Jaipur. The hotel offers Conference Room, Fitness Center, Laundry Service, Swimming Pool, Restaurant. It's priced at ₹2816.13 per night and has a guest rating of 3.1/5., 45, Hotel Jaipur Hotel, Jaipur, Raja Park, 49, Avenue, Raja Park, Jaipur, 5.0, 2816.13, Conference Room, Fitness Center, Laundry Service, Swimming Pool, Restaurant, 3.1, Hotel Jaipur Hotel is a 5.0-star hotel located in Raja Park, Jaipur. The hotel offers Conference Room, Fitness Center, Laundry Service, Swimming Pool, Restaurant. It's priced at ₹2816.13 per night and has a guest rating of 3.1/5."
45,46,Hotel Jaipur Plaza,Jaipur,Raja Park,"62, Boulevard, Raja Park, Jaipur",3.4,5967.69,"Concierge, Room Service, Spa, Bar, Conference Room, Breakfast Included",5,"46, Hotel Jaipur Plaza, Jaipur, Raja Park, 62, Boulevard, Raja Park, Jaipur, 3.4, 5967.69, Concierge, Room Service, Spa, Bar, Conference Room, Breakfast Included, 5.0, Hotel Jaipur Plaza is a 3.4-star hotel located in Raja Park, Jaipur. The hotel offers Concierge, Room Service, Spa, Bar, Conference Room, Breakfast Included. It's priced at ₹5967.69 per night and has a guest rating of 5.0/5., 46, Hotel Jaipur Plaza, Jaipur, Raja Park, 62, Boulevard, Raja Park, Jaipur, 3.4, 5967.69, Concierge, Room Service, Spa, Bar, Conference Room, Breakfast Included, 5.0, Hotel Jaipur Plaza is a 3.4-star hotel located in Raja Park, Jaipur. The hotel offers Concierge, Room Service, Spa, Bar, Conference Room, Breakfast Included. It's priced at ₹5967.69 per night and has a guest rating of 5.0/5., 46, Hotel Jaipur Plaza, Jaipur, Raja Park, 62, Boulevard, Raja Park, Jaipur, 3.4, 5967.69, Concierge, Room Service, Spa, Bar, Conference Room, Breakfast Included, 5.0, Hotel Jaipur Plaza is a 3.4-star hotel located in Raja Park, Jaipur. The hotel offers Concierge, Room Service, Spa, Bar, Conference Room, Breakfast Included. It's priced at ₹5967.69 per night and has a guest rating of 5.0/5., 46, Hotel Jaipur Plaza, Jaipur, Raja Park, 62, Boulevard, Raja Park, Jaipur, 3.4, 5967.69, Concierge, Room Service, Spa, Bar, Conference Room, Breakfast Included, 5.0, Hotel Jaipur Plaza is a 3.4-star hotel located in Raja Park, Jaipur. The hotel offers Concierge, Room Service, Spa, Bar, Conference Room, Breakfast Included. It's priced at ₹5967.69 per night and has a guest rating of 5.0/5."
46,47,Premium Bangalore Retreat,Bangalore,Koramangala,"60, Boulevard, Koramangala, Bangalore",4.2,4878.91,"Business Center, Free Wi-Fi, Fitness Center, Bar, Room Service, Spa, Airport Shuttle",3.1,"47, Premium Bangalore Retreat, Bangalore, Koramangala, 60, Boulevard, Koramangala, Bangalore, 4.2, 4878.91, Business Center, Free Wi-Fi, Fitness Center, Bar, Room Service, Spa, Airport Shuttle, 3.1, Premium Bangalore Retreat is a 4.2-star hotel located in Koramangala, Bangalore. The hotel offers Business Center, Free Wi-Fi, Fitness Center, Bar, Room Service, Spa, Airport Shuttle. It's priced at ₹4878.91 per night and has a guest rating of 3.1/5., 47, Premium Bangalore Retreat, Bangalore, Koramangala, 60, Boulevard, Koramangala, Bangalore, 4.2, 4878.91, Business Center, Free Wi-Fi, Fitness Center, Bar, Room Service, Spa, Airport Shuttle, 3.1, Premium Bangalore Retreat is a 4.2-star hotel located in Koramangala, Bangalore. The hotel offers Business Center, Free Wi-Fi, Fitness Center, Bar, Room Service, Spa, Airport Shuttle. It's priced at ₹4878.91 per night and has a guest rating of 3.1/5., 47, Premium Bangalore Retreat, Bangalore, Koramangala, 60, Boulevard, Koramangala, Bangalore, 4.2, 4878.91, Business Center, Free Wi-Fi, Fitness Center, Bar, Room Service, Spa, Airport Shuttle, 3.1, Premium Bangalore Retreat is a 4.2-star hotel located in Koramangala, Bangalore. The hotel offers Business Center, Free Wi-Fi, Fitness Center, Bar, Room Service, Spa, Airport Shuttle. It's priced at ₹4878.91 per night and has a guest rating of 3.1/5., 47, Premium Bangalore Retreat, Bangalore, Koramangala, 60, Boulevard, Koramangala, Bangalore, 4.2, 4878.91, Business Center, Free Wi-Fi, Fitness Center, Bar, Room Service, Spa, Airport Shuttle, 3.1, Premium Bangalore Retreat is a 4.2-star hotel located in Koramangala, Bangalore. The hotel offers Business Center, Free Wi-Fi, Fitness Center, Bar, Room Service, Spa, Airport Shuttle. It's priced at ₹4878.91 per night and has a guest rating of 3.1/5."
47,48,The Hyderabad Palace,Hyderabad,Hitech City,"16, Boulevard, Hitech City, Hyderabad",4.6,12396.3,"Breakfast Included, Laundry Service, Bar",4.8,"48, The Hyderabad Palace, Hyderabad, Hitech City, 16, Boulevard, Hitech City, Hyderabad, 4.6, 12396.3, Breakfast Included, Laundry Service, Bar, 4.8, The Hyderabad Palace is a 4.6-star hotel located in Hitech City, Hyderabad. The hotel offers Breakfast Included, Laundry Service, Bar. It's priced at ₹12396.3 per night and has a guest rating of 4.8/5., 48, The Hyderabad Palace, Hyderabad, Hitech City, 16, Boulevard, Hitech City, Hyderabad, 4.6, 12396.3, Breakfast Included, Laundry Service, Bar, 4.8, The Hyderabad Palace is a 4.6-star hotel located in Hitech City, Hyderabad. The hotel offers Breakfast Included, Laundry Service, Bar. It's priced at ₹12396.3 per night and has a guest rating of 4.8/5., 48, The Hyderabad Palace, Hyderabad, Hitech City, 16, Boulevard, Hitech City, Hyderabad, 4.6, 12396.3, Breakfast Included, Laundry Service, Bar, 4.8, The Hyderabad Palace is a 4.6-star hotel located in Hitech City, Hyderabad. The hotel offers Breakfast Included, Laundry Service, Bar. It's priced at ₹12396.3 per night and has a guest rating of 4.8/5., 48, The Hyderabad Palace, Hyderabad, Hitech City, 16, Boulevard, Hitech City, Hyderabad, 4.6, 12396.3, Breakfast Included, Laundry Service, Bar, 4.8, The Hyderabad Palace is a 4.6-star hotel located in Hitech City, Hyderabad. The hotel offers Breakfast Included, Laundry Service, Bar. It's priced at ₹12396.3 per night and has a guest rating of 4.8/5."
48,49,Premium Bangalore Resort,Bangalore,Indiranagar,"23, Avenue, Indiranagar, Bangalore",3.3,5897.86,"Laundry Service, Restaurant, Free Wi-Fi, Spa",4.2,"49, Premium Bangalore Resort, Bangalore, Indiranagar, 23, Avenue, Indiranagar, Bangalore, 3.3, 5897.86, Laundry Service, Restaurant, Free Wi-Fi, Spa, 4.2, Premium Bangalore Resort is a 3.3-star hotel located in Indiranagar, Bangalore. The hotel offers Laundry Service, Restaurant, Free Wi-Fi, Spa. It's priced at ₹5897.86 per night and has a guest rating of 4.2/5., 49, Premium Bangalore Resort, Bangalore, Indiranagar, 23, Avenue, Indiranagar, Bangalore, 3.3, 5897.86, Laundry Service, Restaurant, Free Wi-Fi, Spa, 4.2, Premium Bangalore Resort is a 3.3-star hotel located in Indiranagar, Bangalore. The hotel offers Laundry Service, Restaurant, Free Wi-Fi, Spa. It's priced at ₹5897.86 per night and has a guest rating of 4.2/5., 49, Premium Bangalore Resort, Bangalore, Indiranagar, 23, Avenue, Indiranagar, Bangalore, 3.3, 5897.86, Laundry Service, Restaurant, Free Wi-Fi, Spa, 4.2, Premium Bangalore Resort is a 3.3-star hotel located in Indiranagar, Bangalore. The hotel offers Laundry Service, Restaurant, Free Wi-Fi, Spa. It's priced at ₹5897.86 per night and has a guest rating of 4.2/5., 49, Premium Bangalore Resort, Bangalore, Indiranagar, 23, Avenue, Indiranagar, Bangalore, 3.3, 5897.86, Laundry Service, Restaurant, Free Wi-Fi, Spa, 4.2, Premium Bangalore Resort is a 3.3-star hotel located in Indiranagar, Bangalore. The hotel offers Laundry Service, Restaurant, Free Wi-Fi, Spa. It's priced at ₹5897.86 per night and has a guest rating of 4.2/5."
49,50,Grand Goa Inn,Goa,Panjim,"15, Main Road, Panjim, Goa",3.7,10919.78,"Swimming Pool, Bar, Parking, Business Center, Breakfast Included, Spa",4.8,"50, Grand Goa Inn, Goa, Panjim, 15, Main Road, Panjim, Goa, 3.7, 10919.78, Swimming Pool, Bar, Parking, Business Center, Breakfast Included, Spa, 4.8, Grand Goa Inn is a 3.7-star hotel located in Panjim, Goa. The hotel offers Swimming Pool, Bar, Parking, Business Center, Breakfast Included, Spa. It's priced at ₹10919.78 per night and has a guest rating of 4.8/5., 50, Grand Goa Inn, Goa, Panjim, 15, Main Road, Panjim, Goa, 3.7, 10919.78, Swimming Pool, Bar, Parking, Business Center, Breakfast Included, Spa, 4.8, Grand Goa Inn is a 3.7-star hotel located in Panjim, Goa. The hotel offers Swimming Pool, Bar, Parking, Business Center, Breakfast Included, Spa. It's priced at ₹10919.78 per night and has a guest rating of 4.8/5., 50, Grand Goa Inn, Goa, Panjim, 15, Main Road, Panjim, Goa, 3.7, 10919.78, Swimming Pool, Bar, Parking, Business Center, Breakfast Included, Spa, 4.8, Grand Goa Inn is a 3.7-star hotel located in Panjim, Goa. The hotel offers Swimming Pool, Bar, Parking, Business Center, Breakfast Included, Spa. It's priced at ₹10919.78 per night and has a guest rating of 4.8/5., 50, Grand Goa Inn, Goa, Panjim, 15, Main Road, Panjim, Goa, 3.7, 10919.78, Swimming Pool, Bar, Parking, Business Center, Breakfast Included, Spa, 4.8, Grand Goa Inn is a 3.7-star hotel located in Panjim, Goa. The hotel offers Swimming Pool, Bar, Parking, Business Center, Breakfast Included, Spa. It's priced at ₹10919.78 per night and has a guest rating of 4.8/5."