,Flight_Number,Airline,Origin_City,Origin_Airport,Destination_City,Destination_Airport,Departure_Time,Arrival_Time,Duration,Price,Available_Seats,Class,Flight_details
0,GO956,Go First,Chennai,MAA - Chennai Intl,Hyderabad,HYD - Rajiv Gandhi Intl,18:30,21:30,3h 45m,13678.74,11,Business,"GO956 - Go First | Chennai (MAA - Chennai Intl) → Hyderabad (HYD - Rajiv Gandhi Intl) | Departure: 18:30, Arrival: 21:30, Duration: 3h 45m | ₹13678.74, 11 seats left | Class: Business"
1,GO365,Go First,Kolkata,CCU - Netaji Subhas Chandra Bose Intl,Chennai,MAA - Chennai Intl,22:45,23:45,1h 45m,11365.27,88,Economy,"GO365 - Go First | Kolkata (CCU - Netaji Subhas Chandra Bose Intl) → Chennai (MAA - Chennai Intl) | Departure: 22:45, Arrival: 23:45, Duration: 1h 45m | ₹11365.27, 88 seats left | Class: Economy"
2,AK132,Akasa Air,Ahmedabad,AMD - Sardar Vallabhbhai Patel Intl,Mumbai,BOM - Chhatrapati Shivaji Intl,9:30,11:30,2h 00m,8590.63,22,Business,"AK132 - Akasa Air | Ahmedabad (AMD - Sardar Vallabhbhai Patel Intl) → Mumbai (BOM - Chhatrapati Shivaji Intl) | Departure: 9:30, Arrival: 11:30, Duration: 2h 00m | ₹8590.63, 22 seats left | Class: Business"
3,VI722,Vistara,Hyderabad,HYD - Rajiv Gandhi Intl,Chennai,MAA - Chennai Intl,16:30,18:30,2h 00m,9879.83,10,Economy,"VI722 - Vistara | Hyderabad (HYD - Rajiv Gandhi Intl) → Chennai (MAA - Chennai Intl) | Departure: 16:30, Arrival: 18:30, Duration: 2h 00m | ₹9879.83, 10 seats left | Class: Economy"
4,AI507,AirAsia India,Kolkata,CCU - Netaji Subhas Chandra Bose Intl,Bangalore,BLR - Kempegowda Intl,23:00,0:00,1h 45m,9273.71,28,Business,"AI507 - AirAsia India | Kolkata (CCU - Netaji Subhas Chandra Bose Intl) → Bangalore (BLR - Kempegowda Intl) | Departure: 23:00, Arrival: 0:00, Duration: 1h 45m | ₹9273.71, 28 seats left | Class: Business"
5,IN888,IndiGo,Bangalore,BLR - Kempegowda Intl,Hyderabad,HYD - Rajiv Gandhi Intl,8:30,9:30,1h 30m,12978.58,71,Economy,"IN888 - IndiGo | Bangalore (BLR - Kempegowda Intl) → Hyderabad (HYD - Rajiv Gandhi Intl) | Departure: 8:30, Arrival: 9:30, Duration: 1h 30m | ₹12978.58, 71 seats left | Class: Economy"
6,AI693,Air India,Jaipur,JAI - Jaipur Intl,Delhi,DEL - Indira Gandhi Intl,11:30,14:30,3h 30m,6710.08,26,Economy,"AI693 - Air India | Jaipur (JAI - Jaipur Intl) → Delhi (DEL - Indira Gandhi Intl) | Departure: 11:30, Arrival: 14:30, Duration: 3h 30m | ₹6710.08, 26 seats left | Class: Economy"
7,AI874,AirAsia India,Ahmedabad,AMD - Sardar Vallabhbhai Patel Intl,Kolkata,CCU - Netaji Subhas Chandra Bose Intl,22:30,23:30,1h 00m,2901.29,52,Economy,"AI874 - AirAsia India | Ahmedabad (AMD - Sardar Vallabhbhai Patel Intl) → Kolkata (CCU - Netaji Subhas Chandra Bose Intl) | Departure: 22:30, Arrival: 23:30, Duration: 1h 00m | ₹2901.29, 52 seats left | Class: Economy"
8,SP436,SpiceJet,Goa,GOI - Goa Dabolim Airport,Kolkata,CCU - Netaji Subhas Chandra Bose Intl,7:00,9:00,2h 00m,10768.75,84,Economy,"SP436 - SpiceJet | Goa (GOI - Goa Dabolim Airport) → Kolkata (CCU - Netaji Subhas Chandra Bose Intl) | Departure: 7:00, Arrival: 9:00, Duration: 2h 00m | ₹10768.75, 84 seats left | Class: Economy"
9,IN622,IndiGo,Jaipur,JAI - Jaipur Intl,Mumbai,BOM - Chhatrapati Shivaji Intl,20:30,23:30,3h 45m,12956.5,25,Economy,"IN622 - IndiGo | Jaipur (JAI - Jaipur Intl) → Mumbai (BOM - Chhatrapati Shivaji Intl) | Departure: 20:30, Arrival: 23:30, Duration: 3h 45m | ₹12956.5, 25 seats left | Class: Economy"
10,GO122,Go First,Hyderabad,HYD - Rajiv Gandhi Intl,Pune,PNQ - Pune Airport,13:45,16:45,3h 15m,2855.19,34,Economy,"GO122 - Go First | Hyderabad (HYD - Rajiv Gandhi Intl) → Pune (PNQ - Pune Airport) | Departure: 13:45, Arrival: 16:45, Duration: 3h 15m | ₹2855.19, 34 seats left | Class: Economy"
11,IN159,IndiGo,Goa,GOI - Goa Dabolim Airport,Bangalore,BLR - Kempegowda Intl,21:15,0:15,3h 15m,8831.78,91,Business,"IN159 - IndiGo | Goa (GOI - Goa Dabolim Airport) → Bangalore (BLR - Kempegowda Intl) | Departure: 21:15, Arrival: 0:15, Duration: 3h 15m | ₹8831.78, 91 seats left | Class: Business"
12,SP364,SpiceJet,Goa,GOI - Goa Dabolim Airport,Kolkata,CCU - Netaji Subhas Chandra Bose Intl,13:30,16:30,3h 15m,7902.01,89,Economy,"SP364 - SpiceJet | Goa (GOI - Goa Dabolim Airport) → Kolkata (CCU - Netaji Subhas Chandra Bose Intl) | Departure: 13:30, Arrival: 16:30, Duration: 3h 15m | ₹7902.01, 89 seats left | Class: Economy"
13,AK261,Akasa Air,Chennai,MAA - Chennai Intl,Ahmedabad,AMD - Sardar Vallabhbhai Patel Intl,20:45,22:45,2h 45m,6692.39,79,Business,"AK261 - Akasa Air | Chennai (MAA - Chennai Intl) → Ahmedabad (AMD - Sardar Vallabhbhai Patel Intl) | Departure: 20:45, Arrival: 22:45, Duration: 2h 45m | ₹6692.39, 79 seats left | Class: Business"
14,GO618,Go First,Chennai,MAA - Chennai Intl,Bangalore,BLR - Kempegowda Intl,13:15,14:15,1h 45m,10051.49,28,Business,"GO618 - Go First | Chennai (MAA - Chennai Intl) → Bangalore (BLR - Kempegowda Intl) | Departure: 13:15, Arrival: 14:15, Duration: 1h 45m | ₹10051.49, 28 seats left | Class: Business"
15,VI875,Vistara,Mumbai,BOM - Chhatrapati Shivaji Intl,Delhi,DEL - Indira Gandhi Intl,22:45,0:45,2h 30m,13659.47,25,Economy,"VI875 - Vistara | Mumbai (BOM - Chhatrapati Shivaji Intl) → Delhi (DEL - Indira Gandhi Intl) | Departure: 22:45, Arrival: 0:45, Duration: 2h 30m | ₹13659.47, 25 seats left | Class: Economy"
16,AK358,Akasa Air,Ahmedabad,AMD - Sardar Vallabhbhai Patel Intl,Goa,GOI - Goa Dabolim Airport,5:30,8:30,3h 00m,2561.03,43,Economy,"AK358 - Akasa Air | Ahmedabad (AMD - Sardar Vallabhbhai Patel Intl) → Goa (GOI - Goa Dabolim Airport) | Departure: 5:30, Arrival: 8:30, Duration: 3h 00m | ₹2561.03, 43 seats left | Class: Economy"
17,SP992,SpiceJet,Pune,PNQ - Pune Airport,Delhi,DEL - Indira Gandhi Intl,21:45,23:45,2h 00m,6563.82,66,Economy,"SP992 - SpiceJet | Pune (PNQ - Pune Airport) → Delhi (DEL - Indira Gandhi Intl) | Departure: 21:45, Arrival: 23:45, Duration: 2h 00m | ₹6563.82, 66 seats left | Class: Economy"
18,AI827,AirAsia India,Pune,PNQ - Pune Airport,Bangalore,BLR - Kempegowda Intl,5:30,7:30,2h 00m,11717.06,71,Economy,"AI827 - AirAsia India | Pune (PNQ - Pune Airport) → Bangalore (BLR - Kempegowda Intl) | Departure: 5:30, Arrival: 7:30, Duration: 2h 00m | ₹11717.06, 71 seats left | Class: Economy"
19,AI679,Air India,Mumbai,BOM - Chhatrapati Shivaji Intl,Chennai,MAA - Chennai Intl,17:45,18:45,1h 30m,13723.02,70,Economy,"AI679 - Air India | Mumbai (BOM - Chhatrapati Shivaji Intl) → Chennai (MAA - Chennai Intl) | Departure: 17:45, Arrival: 18:45, Duration: 1h 30m | ₹13723.02, 70 seats left | Class: Economy"
